NOM,ACTIVITE,ADRESSE
2B MEDICAL,"Importation, Distribution,DM sterilesDM non steriles",N22RUE ABOU BAKER IBN ZOHR QUARTIER DES HOPITAUX CASABLANCA
2H BUSINESS SARL,"Importation, Distribution,DM non steriles",RUE EL BARAKA MAGASIN N 11 CYM RABAT
3D MEDICA,"Importation, Distribution,DM sterilesDM non steriles",84 BOULEVARD MOULAY DRISS PREMIER GALERIE LA RENAISSANCE MAGASIEN 34 CASABLANCA
3GCOM SARL,"Exportation, Maintenance,",11.RUE ANISSONE SECTEURE 22 HAY RIYAD RABAT
3M MAROC,"Importation,DM steriles",IMMEUBLE 4 ZENITH LOTISSEMENT ATTAOUFIK SIDI MAAROUF CASABLANCA
3MEDICAL SARL,"Importation, Exportation, Distribution, Maintenance,DM steriles",128 BOULEVARD LAHCEN OUIDDER ETAGE 2 APPARTEMENT A8 IMMEUBLE AL WAHDA CASABLANCA
5G DENTAL SARL,,HAY JAMIL RUE 5 N 26 SIDI MOUMEN LAKDIM
AABOUD NEGOCE SARL,"Importation,DM steriles",RUE LALLA CHAFIA N 9 9 BIS TANGER
ABC DENTAIRE SARL,"Importation, Distribution,DM non steriles",HAY MOULAY ABDELLAH RUE 246 N 27/29 CASABLANCA
ABLENS,"Fabrication Importation, Distribution,DM steriles",457 AVENUE HASSAN 2 RESIDENCE MERYEM MAGASIEN 10 RABAT
ABMED SARL,"Importation, Distribution, Maintenance,DM sterilesDM non steriles",4RUE ABOU FARIS MARINI IMMEUBLE B APPARTEMENT 2 RABAT
ACADEMY SARL AU,"Exportation,DM non steriles",3 RUE TABIT BNOU KORRA QUARTIER DES HOPITEUAX CASABLANCA
ACCEMEDIC SARL,"Importation, Exportation, Distribution,DM sterilesDM non steriles",223.QUARTIER ECONOMIQUE TIFLET.
ACCENTIS MEDICAL,"Importation,DM steriles",ANGEL BOULEVERD DES FAR ET RUE ALLAL BEN ABDELLAH IMMEUBLE HAJAR APPARTEMANT 8 ETAGE 3 MOHAMMADIA
ACROMEDIC SARL,"Importation, Exportation, Distribution,DM sterilesDM non steriles",HAMZA 2 FROUGA N 9 M`HAMID MARRAKECH
ACTILAB SARL,"Fabrication Importation, Distribution,DM sterilesDM non steriles",1BIS RUE TOBROUK HASSAN RABAT
ADVANCED MEDICAL SERVICES SARL,"Importation, Exportation, Distribution, Maintenance,DM non steriles",15 RUE AIN CHIFAA QU BOURGOGNE CASABLANCA
AETHER MAROC,"Importation, Distribution,",43 SALOMA 1 AIN SEBAA CASABLANCA
AFNORMED,"Importation, Distribution, Maintenance,DM non steriles",AMAL 1 N 336 TIT MILLIL CASABLANCA
AFRI 5 SARL,"Importation,DM non steriles",MAGASIEN 2 IMMEUBLE 10 BELLE VUE 3 MEKNES
AFRIC MED INSTRUMENTS,"Importation, Exportation, Distribution, Maintenance,DM sterilesDM non steriles",RUE SOUMAYA RESIDENCE SHEHRAZADE 3 ETAGE 5 N 22 PALMIER CASANLANCA
AFRICA INTERNET HOLDING,"Importation, Distribution,DM steriles",COMPLEX ERAC N 29 MED VI IMMEUBLE F3 N 2 ETAGE 1 CASABLANCA
AFRICAINE GATE,"Importation, Distribution,DM sterilesDM non steriles",RESIDENCE EL BARAKA GH1 APPARTEMENT N09 ADRAR TIKIOUNE AGADIR
AFRICAMEDICAL SARL AU,"Importation, Exportation, Distribution, Maintenance,DM sterilesDM non steriles",12 RUE SABRI BOUJEMAA 1ER ETAGE CASABLANCA
AFRICARE,"Importation, Exportation, Distribution,DM sterilesDM non steriles",11 BOULEVARD ZEKTOUNI APPARTEMENT N 11 4EME ?TAGE CASABLANCA
AFRIC-PHAR,"Fabrication Importation, Exportation, Distribution, Maintenance,DM sterilesDM non steriles",ZONE INDUSTRIELLE OUEST AIN HARROUDA ROUTE REGIONALE N322 KM 12.400 AIN HARROUDA 28630 MOHAMMEDIA MAROC
AFROBIOMEDIC,"Importation, Exportation, Distribution, Maintenance,DM sterilesDM non steriles",RUE 82 N?94 SIDI MARROUF CASABLANCA
AGENTIS,"Importation, Exportation, Distribution, Maintenance,DM sterilesDM non steriles",29 RUE ZAID IBNOU REFAA 1ER ETAGE MARIF CASABLANCA
AGROLEAD,"Importation, Exportation,",BOULEVARD MEHDI BEN BERKA.LOTISSEMENT EL ALEJ RUE 4 N 3 BOURGOGNE CASABLANCA
AIR LIQUIDE MAROC,"Importation, Exportation, Distribution, Maintenance,DM non steriles",IMMEBLE MYRIAM ANGLE AUTOROUTE CASABLANCA RABAT ET ROUTE DE TIT MELLIL
AIR MEDICAL,"Importation, Distribution,DM sterilesDM non steriles",25 RUE 300 HAY MLY ABDELLAH AIN CHOCK CASABLANCA
AIRLIFE SARL AU,"Fabrication Importation, Exportation, Distribution, Maintenance,DM non steriles",N 16 RUE 3 ET 4 MAZOLA HAY HASSANI CASABLANCA
ALABO SARL AU,"Importation, Distribution,DM sterilesDM non steriles",7 RUE SAYAD EDDINE RESIDENCE NOURWAY2 N 2 BOURGAGNE
ALAMEDIC,"Importation, Distribution,DM sterilesDM non steriles",39 HAY ERRAHA BEAUSEJOUR
ALAMI PHARMA SARL AU,"Importation,DM non steriles",17 RUE BAHT APPARTEMENT N 5 AGDAL-RABAT
ALCON MAROC,"Importation, Distribution, Maintenance,DM sterilesDM non steriles",TOUR CRYSTAL I BOULEVARD SIDI MOHAMED BEN ABDELLAH 7EME ETAGE PLATEAU 11 QUARTIER MARINA 20030 CASABLANCA
ALGOL MEDICAL,"Importation, Exportation, Distribution,DM sterilesDM non steriles",295.ANGLE BD ABDELMOUMEN ET RUE PERCEE CASABLANCA
ALLIANCE ENVIRONNEMENT,"Fabrication Importation, Exportation, Distribution,",2 RUE BOUGAINVILLE RESIDENCE TURPIN RDC BOURGOGNE CASABLANCA
ALMED SANTE,"Distribution,DM sterilesDM non steriles",N 309 LOTISSEMENT HADJ FATEH HAY OULEFA CASABLANCA
ALPHA PHAR,"Importation, Exportation, Distribution,DM sterilesDM non steriles",VILLA 390 NASSIM CASABLANCA
ALTHEA SA,"Importation, Distribution,DM sterilesDM non steriles",76.ALLEE DES CASUARINAS AIN SEBAA 20 580 CASABLANCA
AMED DENTAL SARL AU,"Importation, Distribution, Maintenance,DM sterilesDM non steriles",47 RUE DE BRUXELLES IMMEUBLE A MAG 9 MARS SULTAN 20300 CASABLANCA
AMIF SARL AU,"Fabrication Importation, Exportation, Distribution, Maintenance,DM sterilesDM non steriles",LOTISSEMENT 1234 QUARTIER EL WIFAK TEMARA
AMIPARA,"Distribution,DM sterilesDM non steriles",MAGASIEN RDC N 28 R?SIDENCE AL AKHAWAYN .SOCOMA 1 MARRAKECH
AMIYAD IMPLANTS SARL,"Distribution,DM non steriles",46.AVENUE OKBA APPARTEMENT 2 AGDAL RABAT
AMOUCH DENT SARL AU,"Distribution,DM sterilesDM non steriles",AVENUE JEBER BNE HAYAN BLOC A N 513 ELHOUDA AGADIR
AMOUDENT SARL,"Importation, Distribution, Maintenance,DM sterilesDM non steriles",RESIDENCE JARDINS DE LA VILLETTE RUE MORMOUCHA IMMEUBLE D APPARTEMENT 12 CASABLANCA
ARDCHIR NABIL,"Distribution,DM non steriles",N 26 TRANCHE 3 DAR AL BIR WALI HSANE MARRAKECH
ASSIHA SARL,"Importation, Distribution,DM sterilesDM non steriles",514 .AVENUE 2 MARS ANDALOUS 2 CASABLANCA
ASSISTANCE MEDICALE ET DENTAIRE (AMED) SARL,"Importation, Exportation, Distribution, Maintenance,DM sterilesDM non steriles",BOULEVARD YACOUB EL MANSOUR RUE BATA GUELIZ MARRAKECH
ASSUT EUROPE MAROC SARL,"Importation, Distribution,DM sterilesDM non steriles",RESIDENCE AZHAR 24 RUE JALAL EDDINE ESSAYAUTI REZ DE CHAUSSEE N 2 CASABLANCA
ASTUTE SARL AU,"Importation, Exportation, Distribution,DM sterilesDM non steriles",DIOUR SIDI ABBAD SAKAR N?64 MARRAKECH
AT MEDIC INTER,"Importation, Distribution,DM non steriles",ANGLE AVENUE CADI AYAD ET MAGNOLIAS IMMEUBLE ABA SOUFIANE N 7 TANGER
ATLANTIC MEDICAL,"Fabrication Importation, Exportation, Distribution, Maintenance,DM sterilesDM non steriles",MASIRA 2 A829 .40000 MARRAKECH
ATLAS COSMETIQUE,"Importation, Exportation, Distribution,DM sterilesDM steriles",RESIDENCE AL FADL MAGASIEN N1 IMMEUBLE 28 8 EME TRANCHE MARRAKECH
ATLAS MED SARL AU,"Importation, Exportation, Distribution,DM sterilesDM non steriles",N 134 MHAMID MARRAKECH
ATLAS SERVICE SANTE SARL,"Importation, Distribution,DM sterilesDM non steriles",BLOC 16 N 1023 BOUAAKAZ MHAMID MARRAKECH
AUDIOPTIC,"Importation, Distribution, Maintenance,DM non steriles",19.AVENUE D`ALGER RABAT
AUDITION SANTE,"Exportation,",223 BOULEVARD ABDELMOUMEN ET CHORLES NICOLE 5EME ETAGE CASABLANCA
AUDITION UNIVERS,"Importation,DM steriles",28 RESIDENCE BEN FATH BUREAU RUE LOUBNANE GUELIZ MENARA MARRAKECH
AVAD MAROC,"Importation, Distribution, Maintenance,DM sterilesDM non steriles",20 RUE AL GHADFA RESIDENCE WAFA MAARIF20100 CASABLANCA
AVICENNE GROUP SARL,"Importation, Exportation, Distribution, Maintenance,DM sterilesDM non steriles",BOULEVARD ABDELMOUMEN RUE 90N 15 DERB GHALLEF CASABLANCA
AVICENNE SARL,"Importation, Distribution, Maintenance,DM steriles",APPARTEMENT N 1 IMMEUBLE 22 TAMANART 2 HAY SALAM AGADIR
AVM CHIM SARL AU,"Fabrication Importation, Distribution,DM non steriles",39 RUE DE LILLE 1ER ETAGE APPARTEMENT 4 BELVEDER CASABLANCA
AVMEDICAL SARL,"Importation, Distribution,DM sterilesDM non steriles",N63 QUARTIER INDUSTRIAL AIN CHKAF FES
AYA PHARM SARL AU,"Importation, Exportation, Distribution,DM sterilesDM non steriles",N 16 IMMEUBLE D LOTISSEMENT RIAD AGDAL SYBA MARRAKECH
AYCODENT,"Importation, Distribution,DM steriles",12 RUE TAOURIRT 20060 CASABLANCA
AYOUB DENTAIRE,"Distribution,DM steriles",N 39 RUE BELAD EL OUALID HAY MERINIDES ERAC FES
AZUR MEDICAL,"Importation, Distribution,DM non steriles",AMAL 5 EL MASSIRA N 1135 HAY EL FATH CYM RABAT
B2S HEALTH SERVICES SARL,"Importation, Distribution,DM sterilesDM non steriles",9 AVENUE MOHAMED BELHASSAN EL OUAZZANI CENTRE COMMERCIAL DAR ESSALAM SOUISSI -RABAT
BAK DENT,"Distribution,DM non steriles",RUE EGBALA RUE 4 N 2 BIS BENI MELLAL
BATRA MEDICAL,"Importation, Exportation, Maintenance,DM steriles",47 AVENUE MAJD CYM RABAT
BEIERSDORF SA,"Exportation,",CASA NEARSHORE PARK 1100BOULEVARD AL QOUDS SHORE17 PLATEAU 011 /20270 SIDI MAAROUF CASABLANCA
BELMO PHARMA,"Distribution,DM sterilesDM steriles",MASSIRA 2 A N 187 MARRAKECH
BENGUERIR MEDICAL,"Distribution,",HAY ENNOUR N 188 BEN GUERIR
BERBERE MEDICALE SARL AU,"Distribution,DM sterilesDM non steriles",RUE SOUMAYA RESIDENCE SHEHRAZADE 3 5 EME ETAGE N 22 PALMIERS MAARIF CASABLANCA -MAROC
BEST MADE,"Importation, Distribution,",66 AVENUE AL QUODS TABRIQUET SALE
BEST WAY MEDICAL,"Importation,DM steriles",14 BIS RUE LITITEN VAL FLEURI CASABLANCA
BETA SANTE SARL,"Distribution,DM sterilesDM non steriles",MAGASIEN N 2BIS RUE ABDERAHMANE MOUNIR PEPINIER-SALE
BF MEDICAL SARL AU,"Distribution,DM sterilesDM non steriles",6 SOUK EL YOUSSOUFIA COMMERCIAL KONIFA I CASABLANCA
BIM. STORES,"Importation, Distribution,DM steriles",PARC LOGISTICA BLOC C9 C12 AIN HARROUDA MOHAMMEDIA
BINARIOS,"Fabrication Importation, Exportation, Distribution, Maintenance,DM non steriles",LOTISSEMENT 84 ZONE INDUSTRIELLE OULAD SALEH PROVINCE NOUACEUR BOUSKOURA
BIO & ECO SOLUTIONS,"Importation, Distribution,",5 IMP IBNO KATIR RESIDENCE ZAKI LOTISSEMENT AL MAWID 20380 MAARIF CASABLANCA
BIO PRODUIT SARL,"Distribution,DM sterilesDM non steriles",IMMOUBLE NADA N 1 BIT GHOULAM TAZA VN
BIOCIDIS PHARMA SARL AU,"Importation, Distribution,DM sterilesDM non steriles",265 BOULEVARD ZERKTOUNI 9EME N 92 MAARIF CASABLANCA
BIOCODEX MAROC,"Importation, Distribution,DM non steriles",RESSIDENCE LE JAYAU IV 2 RUE IBN AL MOATA 2 20300 CASABLANCA
BIOCORP SARL,"Importation, Distribution,DM non steriles",27 ABOU HAMID ALGHAZALI CASABLANCA
BIOLENS LAB,"Fabrication Importation, Exportation, Distribution,DM sterilesDM non steriles",RESIDENCE OASIS BOULEVARD MOHAMMED V 28810 MOHAMMEDIA
BIOLOGY GLOBAL SERVICES SARL,"Importation, Exportation, Distribution, Maintenance,DM sterilesDM non steriles",23 APPARTEMENT 8 AIN ATIQ TEMARA REGION DE RABAT
BIOMEDECA MAROC SARL,"Importation, Exportation, Distribution,",RUE SEBOU RESIDENCE ISMAILIA IMMEUBLE 22 APPARTEMENT 1 VN MEKNES
BIOMEDICAL ALLIANCE SARL,"Importation, Distribution, Maintenance,",LOTISSEMENT NASSIM LOT N?110 CASABLANCA
BIOMEDICAL EQUIPMENT MAROC,"Importation, Distribution, Maintenance,DM sterilesDM non steriles",LOTISSEMENT CHABAB LOT C4 AIN SEBAA CASABLANCA
BIOMEDICAL NORD SARL,"Importation, Exportation, Distribution, Maintenance,DM sterilesDM non steriles",N 1 AVENUE SIDI BOUABID IMMEUBLE 42 TANGER
BIOMEDICAL PRO,"Importation, Exportation, Distribution, Maintenance,DM sterilesDM non steriles",RESIDENCE MERYEM MAGASIEN N 1 RUE FARBAT HACHAD KEBIBAT RABAT
BIOPHAMED,"Importation, Distribution,DM sterilesDM non steriles",84 BOULEVARD MOULAY DRISS GALERIE ENAHDA N09 CASABLANCA
BJ INFOMEDTECH SARL,"Importation, Distribution, Maintenance,DM sterilesDM non steriles",106 MAG MAGREB ARABI A1 BIR RAMI KENITRA
BLEU PHARMA SARL,"Distribution,DM sterilesDM non steriles",BLOC 16 NO 1037 BOUAAKAZ MHAMID MARRAKECH
BLUE MEDICAL SARL,"Importation, Exportation, Distribution, Maintenance,DM sterilesDM non steriles",93.RUE ABOU AL ALAA ZAHAR CASABLANCA
BM PROMO SERVICES SARL AU,"Distribution,DM non steriles",15 BIS RUE EDDAMIR EL KABIR ETAGE 3 APPARTEMENT 6 CASABLANCA
BOB SERVICE MEDICALE SARL,"Distribution,DM sterilesDM non steriles",TEMARA D7 N 466 BIS MARRAKECH
BOTANIC PHARMA SARL,"Importation, Distribution,DM non steriles",ZAHRII LOTISSEMENT N 4 SIDI MAAROUF CASABLANCA
BOTECH SARL,"Fabrication Importation, Exportation, Distribution,DM non steriles",1 RUE ZAHRAT ELOU LOU HAY ERRAHA CASABLANCA
BOTTU SA,"Fabrication Importation, Exportation, Distribution,DM sterilesDM non steriles",82 ALLEE DES CASURINAS BP 2583 AIN SEBAA 20580 CASABLANCA
BOUMEHDY TRADE,"Importation, Distribution,DM non steriles",DERB FOKARA RUE 22 APPARTEMENT 18 BOULEVARD DARB SOLTAN CASABLANCA
BOUZIANE PRODUCT SBPRO,"Importation, Distribution,DM non steriles",44 ZONE INDUSTRIELLE AIN CHKAF FES
BROTHERS HEALTHCAR PHARMACEUTICALS,"Exportation,DM steriles",RESIDENCE AL MANSOUR IMMEUBLE 46APPARTEMENT 10 HAY ESSALAM HAY HASSANI AIN CHOCK CASABLANCA
BRUT DENT SARL AU,"Distribution,DM sterilesDM non steriles",HAY AL WAHDA N 50 MOHAMEDIA
BUSINESS DEVELOPPEMENT MANAGEMENT (BDM) PHARMA,"Importation, Distribution, Maintenance,",14022 RUE DIJLA ANFA CASABLANCA
C.A.D.M,"Importation, Distribution,DM steriles",RUE ABOU KACEM ZAHARI RESIDENCE MANAR 3 CASABLANCA
C.P.D.M-MAROC SARL-AU,"Fabrication Importation, Exportation, Distribution, Maintenance,DM sterilesDM non steriles",AVENUE AL MAGHREB ALARABIE RESIDENCE PERLE DE LA MEDINA-C-C8 RABAT -OCEAN-MAROC
CARDIO PLUS SARL,"Importation, Exportation, Distribution, Maintenance,DM sterilesDM non steriles",42.RUE ABDESLAM KHETTABI 21940.CASABLANCA
CASA DENTAIRE SARL,"Importation, Distribution, Maintenance,DM sterilesDM non steriles",20 RUE HABACHA CASABLANCA
CASACOLLINE SARL AU,"Importation, Distribution, Maintenance,DM steriles",LOTISSEMENT LOUBNA RUE 100 N 62 SIDI MAAROUF CASABLANCA
CCPMA SARL AU,"Importation, Exportation, Distribution,DM sterilesDM non steriles",8 RUE IBNOU EL ADILE CASABLANCA
CENTRE 3D DENTAIRE MA,"Fabrication Importation, Distribution,",BOULEVARD BOUZIANE RESIDENCE AYA N 192 1ERE ETAGE APPARTEMENT 01 BEN MSIK 20700 CASABLANCA
CENTRE AFRICAIN PHARMACEUTIQUE,"Importation, Exportation, Distribution,DM sterilesDM non steriles",46.RUE LIBOURNE CASABLANCA
CENTRE AUDIOVITALE,"Importation,DM steriles",ANGLE BD GHANDI ET BD YACOUB EL MANSOUR RESIDENCE DU PALAIS IMMEUBLE D 5 EME ETAGE B 22 CASABLANCA
CENTRE AUDITIF FAHIMI,"Importation, Distribution, Maintenance,DM steriles",47.BOULEVARD MED V RESIDENCE DIAMAND VERT N 22 TANGER
CENTRE KASSIMI DAPPAREILLAGE ORTHOPEDIQUE,"Fabrication Importation, Exportation, Distribution, Maintenance,DM non steriles",10 RUE 16 MISSIMI HAY HASSANI CASABLANCA
CENTRE MAROCAIN DE PROTHESE AUDITIVE,"Fabrication Importation, Exportation, Distribution, Maintenance,DM sterilesDM steriles",120 BOULEVARD 11 JANVIER CASABLANCA
CESMA SA,"Importation, Distribution, Maintenance,DM sterilesDM non steriles",32 AVENUE MARS SULTAN 20130 CASABLANCA
CHAHIMED SARL,"Importation, Distribution,DM sterilesDM steriles",81 BOULEVARD 11 JANVIER ETAGE 3 N3 CASABLANCA
CHAIMPCO SARL AU,"Importation, Exportation, Distribution,DM steriles",28 RESIDENCE VERDI BELVEDERE CASABLANCA
CHALLENGER MEDICAL SERVICE SARL,"Fabrication Importation, Exportation, Distribution, Maintenance,DM sterilesDM non steriles",N 7 RUE DAMAS HAY ELALAOUINE TEMARA
CHARISMADENT SARL,"Importation, Exportation, Distribution, Maintenance,DM sterilesDM non steriles",2 RUE DU MAUSOLE QUARTIER DES HOPITAUX CASABLANCA
CHIFA MEDIC,"Distribution,DM sterilesDM non steriles",N 471 CENTRE COMMERCIAL ILLIGH AGADIR
CHIFA MEDICAL,"Distribution,DM steriles",BLOC 16 N 34 BOULEVARD EL JOULANE SIDI OTHMANE CASABLANCA
CHIFIL SARL,"Fabrication Distribution,DM non steriles",83.RUE 7 HAY ABSALANE HAY MOHAMADIE CASABLANCA
CHIRUMED SARL,"Importation, Distribution, Maintenance,DM sterilesDM non steriles",BOULEVARD ZIRAOUI 58.RUE MOHAMED SIDKI 1ER ETAGE BOURGOGNE CASABLANCA
CHIRURGIE MED,"Importation, Exportation, Distribution,DM sterilesDM non steriles",20188 ALWIFAQ 2 TEMARA
CHRISTEYNS,"Importation,DM non steriles",206.RUE ABOU ZAID EDDOUSSI MAARIF CASABLANCA
CHU PARA,"Distribution,DM sterilesDM non steriles",HAY SAADA 1 BOULEVARD SKIKER MOSTAFA OUJDA
CITY MEDICAL,"Distribution,DM sterilesDM non steriles",N 534 LOTISSEMENT C MASSIRA 3 MARRAKECH
CIVIL MED,"Importation, Exportation, Distribution,DM sterilesDM non steriles",RESIDENCE N 168 LOTISSEMENT BOUMASMAR HAY MOHAMADI MARRAKECH
CIVIL MEDIC,"Importation, Exportation, Distribution,DM sterilesDM non steriles",N 4 RUE ABDELEUAHAD EDDARAK GUELIZ MARRAKECH
CLAES MEDICAL SERVICE,"Importation, Distribution, Maintenance,DM sterilesDM non steriles",ANGLE RUE DES ACACIAS BOULEVARD YACOUB EL MANSOUR MAARIF CASABLANCA MAROC
CLAIRE DENT,"Importation, Distribution,",6 RUE GHANDI APPARTEMENT3 1ER ETAGE RABAT
CLARIMED SARL,"Importation, Distribution,DM sterilesDM non steriles",8 RUE MURILLO QUARTIER PALMIER CASABLANCA
CLARITAS SARL,"Importation, Distribution, Maintenance,DM sterilesDM non steriles",119 BOULEVARD ABDELMOUMEN CASABLANCA
CLINICA SARL,"Importation,DM sterilesDM non steriles",6 RUE KOWEIT CASABLANCA
CLINIQUE IBERIA SARL AU,"Importation, Maintenance,DM steriles",AVENUE SIDI AMAR 3 TANGER
COMARTIP SARL,"Distribution,DM sterilesDM non steriles",177 YASMINA 1 KHOURIBGA
COMED SARL,"Importation,DM sterilesDM non steriles",N38/39 LOTISSEMENT KADRIYA-LISSASFA-CASABLACA
COMPAGNE MAROCAINE DE VENTE EN DETAIL,"Importation, Distribution,DM sterilesDM steriles",19 LOTISSEMENT ZOHOUR BOULEVARD MIMOZA AIN SEBAA CASABLANCA
COMPTOIR MEDICAL BERRADA ET FILS (CMBF ATLAS MEDICAL),"Importation, Distribution,DM sterilesDM non steriles",RESIDENCE IMAM ALI RUE HASSAN EL BASI 30000 FES
COMPTOIR MEDICAL MAROCAIN,"Importation, Distribution,DM non steriles",13 LOUTISSEMENT SALIMA BIR RAMI KENITRA
COMPTOIR MEDICO DENTAIRE ET CHIRURGICAL SARL AU,"Importation, Distribution,DM sterilesDM non steriles",17RUE AIN TAOUJTATE R?SIDENCE GOLD 4 EME ETEGE APPARTEMENT 8.QUARTIER TRIANGLE D`OR CASABLANCA
CONFORT PARAMEDIC SARL AU,"Importation, Distribution,DM sterilesDM non steriles",84 BOULEVARD MLY DRISS 1 ER GALERIC LA RENAISSANCE N 28 CASABLANCA
CONSOMMABLE MEDICAL ET LABORATOIRE (COMELAB ),"Importation, Exportation, Distribution,DM sterilesDM non steriles",195 BOULEVARD EMILE ZOLA CASABLANCA
COOPER PHARMA,"Importation, Distribution,DM sterilesDM non steriles",41.RUE MOHAMED DIOURI 20110 CASABLANCA MAROC
COPHAMET SARL,"Distribution,DM sterilesDM non steriles",34 RUE BOUKRAA QURTIER MODERNE BENI MELLAL
COSMO CHURGIE SARL AU,"Importation, Distribution,",387 BOULEVARD MOHAMED V ETAGE 7 N 19 CASABLANCA
COSMOMED,"Importation, Distribution,DM sterilesDM non steriles",45 RUE ZAKI EDDINE TAOUSSI DEUX MARS CASABLANCA
CYBERNETIC MEDICAL SARL,"Importation, Distribution, Maintenance,DM sterilesDM non steriles",445.BOULEVARD MOUHAMED V CASABLANCA
CYNOSURE MAROC,"Importation, Exportation, Distribution, Maintenance,DM sterilesDM steriles",ROUTE D`AZZEMOUR RUE 2 N 40 AIN DIAB CASABLANCA
DEBRO SARL,"Importation, Distribution, Maintenance,DM non steriles",6 RUE KADI AYADE SETTAT
DEFIB MAGHREB,"Importation, Distribution,DM sterilesDM non steriles",TWIN CENTER TOUR A 16EME ETAGE BOULEVARD ZERKTOUNI CASABLANCA
DELTATEC SARL,"Importation, Distribution, Maintenance,DM sterilesDM non steriles",21 PLACE LOUIS PASTEUR RESIDENCE PASTEUR CASABLANCA MAROC
DEMI SARL,"Importation, Distribution, Maintenance,DM non steriles",4 .11 RUE ELWAHDA 11 JANVIER 20130 CASABLANCA
DENTACARE,"Importation, Distribution,DM sterilesDM non steriles",ANGLE BOULEVARD YACOUB EL MANSOUR 3 RUE ISHAQIBN HANIN ETAGE 1 APPARTEMENT 1MAARIF ANFA CASABLANCA
DENTAIRE FASSI,"Distribution,",MAGASIEN N 1 H328 RESIDENCE LOTISSEMENT RIAD YASLIN AIN CHKEF FES
DENTAL BENNIS,"Distribution,",43 BOULEVARD DU CAIRE RUE B N 1 ER ETAGE CASABLANCA
DENTAL DOUKKALA,"Distribution,DM non steriles",SAADA2 RUE 30 N 91 HAY MOHAMMADI CASABLANCA
DENTAL EXPERT,"Importation,",RUE IBNO KOTIR LOTISSEMENT N 7 QUARTIER MAARIF EXTENSION CASABLANCA
DENTAL EXPRESS SARL,"Importation, Exportation, Distribution, Maintenance,DM sterilesDM non steriles",23 AVENUE SIDI BOUKHARI TANGER
DENTAL FAST,"Distribution,",457 RESIDENCE MARIAM AVENUE HASSAN 2 RABAT
DENTAL GATEWAY INTERNATIONAL,"Importation, Exportation,DM sterilesDM non steriles",ANGLE BOULEVARD SIDI ABDERRAHMANE ET BOULEVARD OMAR EL KHAYAM HAY ARRAHA ETAGE APPARTEMENT 5 CASABLANCA
DENTAL KEY,"Importation, Distribution,DM sterilesDM non steriles",264 BOULEVARD GHANDI 20200 CASABLANCA
DENTAL PRODUCTS,"Exportation, Distribution,",ANGLE BOULEVARD YACOUB EL MANSOUR 3 RUE ISHAQ IBN HANIN ETAGE 1 APPARTEMENT 1 CASABLANCA
DENTAL PROJECT,"Importation, Exportation, Distribution, Maintenance,DM sterilesDM non steriles",55 RUE MOQALAD AKILI -BOURGONE CASABLANCA
DENTAL TECHNIK MAROC,"Importation, Distribution, Maintenance,DM non steriles",80 BOULEVARD ANOUAL ETAGE 1 N 3QUARTIER DES HOPITAUX CASABLANCA
DENTAL WEB,"Distribution,DM sterilesDM non steriles",RUE 41 N 14 GROUPE Z OULFA
DENTAL WORLD,"Importation, Exportation, Distribution,DM sterilesDM non steriles",APPARTEMENT N 1 SAADA IMMEUBLE 46 MARRKECH
DENTALE EVOLUTION SARL AU,"Importation, Distribution,DM sterilesDM non steriles",12 RUE SABRI BOUJEMAA 1 ERE ETAGE N 6 CASABLANCA
DENTALIA SARL AU,"Importation, Distribution,DM sterilesDM non steriles",32 RUE ABOU ZIAD EDDADOUSSI ETAGE 3 MAARIF CASABLANCA
DENTIUM MAROC,"Importation, Distribution,DM sterilesDM non steriles",RUE IBNOU AL ARIF N 3 1ER ETAGE CASABLANCA
DETENTE MEDICAL SARL AU,"Distribution,",RUE TARIK IBN ZIYAD N? 105 ETAGE 2 TANGER
DIABETIC CENTER SARL,"Distribution,DM non steriles",N20 RUE AHMED LOUKILI AVENUE HASSAN 2 V.N FES
DIACARE MAROC SARL,"Importation, Exportation, Distribution, Maintenance,DM sterilesDM non steriles",4 RUE ROCROIX 1ER ETEGE APPARTEMENT 9 CASABLANCA
DIAPARA,"Importation, Distribution, Maintenance,DM sterilesDM non steriles",LOTISSEMENT ROUMIA 1 N 387 L`MHAMID MARRAKECH
DIBITUN,"Importation, Distribution, Maintenance,DM sterilesDM non steriles",15 RUE N1 CALIFORNIA BERRECHID MAROC
DIFORME SNC,"Fabrication Distribution,DM sterilesDM non steriles",LOTISSEMENT SAADA IMMEUBLE 179 APPARTEMENT N 24 MARRAKECH
DIMAMED DIALYSE & MATERIEL MEDICAL,"Importation, Exportation, Distribution,DM sterilesDM non steriles",3 RUE DU POINT DU JOUR CASABLANCA 20 000
DINAMEDIC SARL,"Importation, Distribution,DM sterilesDM non steriles",50 RUE ABOU BAKR MEHAMMED IBNOU ZOUHAIR
DISPROPAL,"Exportation, Distribution,DM non steriles",24 RUE 12 HAY ALLAL SOUKAINA FES
DISTRIBUTEUR CLARBEN MAROC SARL,"Importation, Exportation, Distribution,DM non steriles",12 OMAR EL KHIYAM TANGER APPARTEMENT2
DISTRIBUTEUR PLANTES,"Distribution,DM non steriles",N 35 LOTISSEMENT BAB SALAM MAGASIEN N 1 AIN CHKEF FES
DKT INTERNATIONAL,"Importation, Distribution,DM steriles",LOTISSEMENT FLORIDA N 124 SIDI MAAROUF CASABLANCA
DOCTI MED SARL,"Importation, et Distribution, desDM sterilesetDM non steriles",191 BOULEVARD FOUARAT HAY EL MOHAMMADI CASABLANCA
DOHAMED SERVICES,"Distribution,DM sterilesDM non steriles",GROUPE 42.RUE 66 N 59 OULFA.CASABLANCA
DOS SANTOS MEDICALE (D S M E)SARL,"Importation, Distribution, Maintenance,DM steriles",6 RUE MAUSOLEE QUARTIER DES HOPITAUX CASABLANCA
DPM INDUSTRY,"Fabrication Importation, Exportation, Distribution,DM non steriles",55 RUE MOQALAD AKILI -BOURGONE CASABLANCA
DUO MEDICAL,"Importation, Distribution,DM sterilesDM non steriles",PISTE MOULAY THAMI RESIDENCE ABOUAB OUM RABII OULFA N 9 CASABLANCA
ECHAMED SARL,"Fabrication Importation, Distribution, Maintenance,DM sterilesDM steriles",JAMILA 5 RUE 46 N 41 CASABLANCA
ECHOMED SARL,"Importation, Exportation, Distribution, Maintenance,",2 RUE HONAINE ANGLE AVENUE 16 NOVEMBRE APPARTEMENT N 5 AGDAL - RABAT
ECHOS INTERNATIONAL,"Importation, Exportation, Distribution, Maintenance,",RESIDENCE AL AMIR N 36 QUARTIER DES HOPITAUX MAARIF CASABLANCA
EFIMED SARL,"Fabrication Importation, Exportation, Distribution, Maintenance,DM sterilesDM non steriles",02A93 GROUP ADDAMANE GH 12 AIN CHOCK 20000
EJ MEDIC,"Importation,DM non steriles",26 RUE OUED ZIZ APPARTEMENT 1 R?SIDENCE AGDAL RABAT
EKZOLAB SARL,"Importation, Distribution,DM sterilesDM non steriles",5 RUE AHMED AL MOQRI 6EME ETAGE CASABLANCA
EL AMINE PARA,"Importation, Distribution,DM sterilesDM non steriles",RUE ABOU EL QACEM ZZAHRAOUI RESIDENCE JNANE PASTEUR N 1 CASABLANCA
EL ARCHI PARAMEDICAL SARL,"Importation, Distribution,DM sterilesDM non steriles",2 RUE DE TUNIS EL JADIDA
EL HOURIA PARAMEDICAL SARL,"Distribution,DM non steriles",N 57 A ABOU OBAIDA EL JARRAH COMPLEXE EL HOURIA FES DBIBAGH
EL KSAIBI MEDICAL,"Importation, Exportation, Distribution,",211 AVENUE HARROUN ARRACHID MAGASIEN D TANGER
EL MANSOURI NEGOCE SARL,"Importation, Exportation, Distribution,DM sterilesDM non steriles",LOTISSEMENT AZZOUZIA N 2122 MARRAKECH
ELANCE MEDICAL,"Importation, Distribution, Maintenance,DM sterilesDM non steriles",59 BOULEVARD ZERKTOUNI RESIDENCE LES FLEURS ETAGE 9 APPARTEMENT 26
ELECTROMED SARL,"Importation, Exportation, Distribution, Maintenance,DM sterilesDM non steriles",50 AVENUE SIDI MOHAMAD BALHASSAN APPARTEMENT 3 SALA ALJADIDA
EMED SARL,"Importation, Exportation, Distribution, Maintenance,DM steriles",2 RUE ESSANOBRE N 12 4EME ETAGE CASABLANCA
EMOTECHNIC SARL,"Fabrication Importation,DM sterilesDM steriles",PARC D`ACTIVITE OUKACHA HANGAR N 1 A 5 AIN SEBAA CASABLANCA
EMS HEALTH SARL,"Importation, Distribution,",202 BOULVARD BRAHIM ROUDANI ANGLE RUE BRGOUNE CASABLANCA
EMSYS SARL,"Importation, Exportation, Distribution, Maintenance,DM non steriles",REZ DE CHAUSSEE N 46 A HAY AL WIFAQ BENSERGAO AGADIR
ENDOMEDICAL EQUIPEMENT,"Importation, Exportation, Distribution, Maintenance,DM sterilesDM non steriles",7 RUE SEBTA RESIDENCE RAMI 2 EME ETAGE BUREAU N 820100 CASABLANCA ANFA
ENEM SARL,"Importation, Exportation,DM sterilesDM non steriles",RESIDENCE KAISSE IMMEUBLE EN5 2EME ETAGE AGDAL-RABAT
ENTENDRE,"Importation, Distribution,DM sterilesDM non steriles",4 ANGLE RUE ARGO ET LAVOISIER 20360 CASABLANCA
EOLANE TEMARA,"Fabrication Importation,DM steriles",ZI MASSIRA 1 N 14 TEMARA
EQUHOS SARL,"Importation, Exportation, Distribution, Maintenance,DM sterilesDM non steriles",HAY MOULAY ABDELLAH RUE 72.N 70-72 AIN CHOCK CASABLANCA
EQUIPEMENT MEDICAL BIOLOGIQUE,"Importation,DM sterilesDM steriles",43.RUE IMAM EL KABBAB BELVEDERE CASABLANCA
EQUIPEMENT PARAMEDICAL,"Importation,DM sterilesDM non steriles",52.RUE SOCRATE 5 EME ETAGE N 10 -20100 CASABLANCA
EQUIPMEDICAL SARL,"Importation, Distribution,DM sterilesDM non steriles",AVENUE DES FAR RUE 15 N 30 Q .A NADOR
EQUIPMENT NEGOCE SARL AU,"Importation, Distribution,DM sterilesDM non steriles",387 BOULEVARD MOHAMMED V N7 19 CASABLANCA
ERAMEDIC,"Importation, Exportation, Distribution, Maintenance,DM sterilesDM non steriles",246 BOULEVARD MOHAMED V CASABLANCA 20110
ERGO-MAROC,"Importation, Distribution,DM steriles",108.RUE PIERRE PARENT CASABLANCA MAROC
ESNAPHARM SARL,"Importation, Distribution,",7 RUE ABDELMAJID BRNJALLOUN MAARIF-CASABLANCA
ESPACE BIOLOGIE,"Importation, Distribution, Maintenance,",45.RUE DE LA PHARMIDE BELVEDERE CASABLANCA
ESPACE DE CORRECTION AUDITIVE,"Importation,DM steriles",38.BOULEVARD MOHAMMED V R?SIDENCE TLEMCANI N 29 FES
ESTHELITE SARL AU,"Importation, Exportation, Distribution, Maintenance,DM steriles",QUARTIER BEAUSITE LOTISSEMENT AMANE 1 IMMEUBLE N 314 APPARTEMENT N 4 CASABLANCA
ETOILE MEDICALE,"Distribution,DM sterilesDM non steriles",BOULEVARD HAMZA IBN ABDELMOUTTALIB N 42 OUJDA
ETRIMED SARL,"Importation, Distribution,DM sterilesDM non steriles",26.AV OMAR IBN KHATTAB APPARTEMENT N 08 AGDAL .RABAT
ETS BENNIS,"Importation, Distribution,DM non steriles",15 BOULEVARD MOULAY ISMAIL BP 967-30012 FES
EUREKA COM,"Importation, Exportation,DM sterilesDM non steriles",BAULEVARD YACOUB ALMANSOUR RESIDENCE PLAZA1 IMMEUBLEE F2 RDC MOHAMMADIA
EURO BUREAU,"Fabrication Distribution,DM non steriles",1 RUE ZAHRATE ELOU LOU HAY ERRAHA CASABLANCA
EURO DENTAIRE SARL,"Importation, Distribution,DM sterilesDM non steriles",ROUTE DE RABAT SANAE 2 RUE 4 N 01 LOTISSEMENT 11 TANGER
EUROMEDIC,"Importation, Distribution,DM steriles",73 BIS RUE IBNOU MOUNIR MAARIF -CASABLANCA
EUROPRISME MEDICAL SARL,"Importation,DM non steriles",131 BOULEVARD ABDELMOUMEN N 17 4 EME ETAGE CASABLANCA N 172000
EVOLUTION PARA,"Importation, Exportation, Distribution,",LOTISSEMENT 264 ARSET ALI OU SALEH BAB LAKHMISS
EXCEL IMPLANT,"Importation, Distribution,DM sterilesDM non steriles",3 AVENUE DE FRANCE APPARTEMENT 4 AGDAL RABAT
EXELLE MEDIC SARL,"Importation, Distribution,DM steriles",59.RUE ALKHANSSA BUREAU 5 2 ETAGE QUARTIER PALMIER CASABLANCA
EXPERT-MED SARL,"Importation, Distribution,DM steriles",AVENUE HASSAN 2 KM 509 ROUTE DE CASABLANCA RABAT
EXPRESS DENTAIRE,"Importation, Distribution, Maintenance,",N 36 AMAL 4 RUE 59 BERNOUSSI CASABLANCA
EXPRESS NEGOCE SARL,"Importation, Distribution,DM sterilesDM non steriles",IMMEUBLE ANTEE 8 RUE IMAM GHAZALI N A6 TANGER
EXTRA MED,"Importation, Exportation, Distribution,DM sterilesDM non steriles",MAGASIEN N 10 IMMEUBLE 16 RUE RUE YACOUB EL MANSOUR MEKNES
EXTRA MEDIC,"Importation, Distribution,DM sterilesDM non steriles",6 IMMEUBLE 1 PROJET HASSAN 2 HAY MOHAMMADI CASABLANCA
EYE LENSES,"Importation, Distribution,DM sterilesDM non steriles",RESIDENCE AL BADR IMMEUBLE 95N =5 AIN SEBAA CASABLANCA
FACE LOOK SARL,"Importation, Distribution,",RESIDENCE LINA 8 ETAGE APPARTEMENT 68 AVENUE TANTAN ET LEBANON TANGER
FAPRODENT SARL,"Fabrication Importation, Exportation, Distribution,DM non steriles",KM 8 ROUTE D`ASSAOUIRA BP 5300 IZIKI MARRAKECH
FATH DENTAIRE,"Importation, Distribution,DM non steriles",19 RUE 41.IDRISSIA ARRONDISSEMENT AL FIDA CASABLANCA
FELIX TECNIX,"Importation, Distribution, Maintenance,DM non steriles",47.BIS RUE JABAL TOUR BETTANA-SALE
FELIZ PARA SARL,"Importation, Distribution,DM sterilesDM non steriles",N 349 HAY TARGA MARRAKECH
FES PARA DIABETE,"Distribution,DM sterilesDM non steriles",COMPLEXE EL HOURIA N 52 FES
FILMED,"Importation, Exportation, Distribution, Maintenance,DM sterilesDM non steriles",RESIDENCE LA DEFENSE 4 RUE MOHAMED EL FIDOUZI (EX RUE JENNER) QUARTIER DES HOPITAUX CASABLANCA
FINATECH GROUP,"Importation, Exportation, Distribution, Maintenance,",1100 BOULEVARD AL QODS CASANEASHORE SHORE 10 CASABLANCA
FIRST DENT SARL,"Importation,DM sterilesDM non steriles",ANGLE BOULEVARD ANOUAL EL ABDELMOUMEN RESIDENCE ABDELMOUMEN CENTRE APPARTEMENT 506 CASABLANCA
FIRST LAB SARL,"Importation, Distribution,DM sterilesDM non steriles",N 79 LOTISSEMENT AL MOUSTAKBAL GH A1 SIDI MAAROUF CASABLANCA
FIRST MEDICAL,"Importation, Distribution,DM sterilesDM non steriles",RESIDENCE AL MANSOUR ANGLE BD GHANDI BOULEVARD YACOUB EL MANSOUR IMMEUBLE 20 APPARTEMENT 6 CASABLANCA
FIRST PARA SARL,"Distribution,DM sterilesDM non steriles",144 RUE MOHAMMED SMIHA RESIDENCE JAWHARATE MED SMIHA 6 EME ETAGE APPARTEMENT 35 CASABLANCA
FLUIDES ON SITE SERVICES (FLOSIT) SA,"Fabrication Importation, Exportation, Distribution, Maintenance,DM non steriles",AEROPOLE NOUASSEUR 20240 CASABLANCA MAROC
FORCEMED ULTRA SARL,"Importation, Distribution, Maintenance,DM sterilesDM non steriles",MAGASIEN N3 BLOC 12 N 384 MHAMED MENARA 40000 MARRAKECH
FOREIGN ENTREPRISE SOLUTIONS MEDICAL FESMED SARL,"Importation, Distribution, Maintenance,DM sterilesDM non steriles",15.AVENUE ALABTAL APPARTEMENT 4 AGDAL RABAT
FORMIX SARL,"Importation,DM non steriles",AVENUE HASSAN2 BAB BOUHAJA APPARTEMENT 3 BETTANA SALE
FOURNITURE MATERIEL INSTRUMENTATION CHIRURGIE ENDOSCOPIQUE (FMICE),"Importation, Distribution,DM steriles",6 RUE MOLIERE QUARTIER RACINE CASABLANCA
FRESENIUS MEDICAL CARE NORD-OUEST ET CENTRE AFRIQUE SA,"Importation, Exportation, Distribution, Maintenance,DM sterilesDM non steriles",33 ANGLE BOULEVARD MOULAY YOUSSEF ET RUE MOUSSA IBNOU NOUSSAIR CASABLANCA BP20060
FRESENIUS MEDICAL CARE PHARMA AFRIQUE SA,"Importation, Exportation, Distribution,DM sterilesDM non steriles",ZONE TECHNOPOLE DE L`AEROPORT MOHAMMED V CASABLANCA
FRY MEDICAL SARL,"Distribution, Maintenance,DM sterilesDM non steriles",RESIDENCE 90 PROJET DAMAN GH 11 N 2 AIN CHOK CASABLANCA 20000
GAM`LENS,"Importation,DM steriles",291 RUE DAR MINIE QUARTIER DES HOPITAUX CASABLANCA
GAMA MEIDC,"Distribution,DM sterilesDM non steriles",AVENUE LALA ASSMAE MAGASIEN N 4 RESIDENCE AZZAHRA TABRIQUET SALE
GAMA-MED,"Importation, Exportation, Distribution, Maintenance,DM sterilesDM non steriles",BOULEVARD MOHAMMED VI F B N 20 AL MASSIRA MOHAMMADIA
GAMMA MEDICAL,"Distribution,",17 BOULEVARD EL MAGHREB EL ARABI HAY EL KASSAM-SETTAT
GAMMA RAD TECH SARL,"Importation, Distribution,",10B RUE YAMAMA APPARTEMENT N 41 RABAT
GEANT MEDICAL SARL,"Importation, Distribution,DM sterilesDM non steriles",457 AVENUE HASSAN 2 RESIDENCE MARIAM MAG 18 AGDAL RABAT
GEMED,"Importation, Distribution,DM non steriles",46 BOULEVARD ALAMIR ABDELKADER QUARTIER AL MASSIRA 80 000 AGADIR
GENERAL MAROC SERVICES SANTE,"Importation, Distribution, Maintenance,DM non steriles",12 RUE REAUMER APPARTEMENT N 9 QUARTIER DES HOPITAUX CASABLANCA
GENERAL MEDICAL HOSPITALIER SARL(GMH),"Importation, Distribution, Maintenance,DM non steriles",RUE 45 N 23 BOULEVARD OUED DARAA OULFA CASABLANCA
GENERAL ORTHODONTICS SARL,"Exportation, Maintenance,",165 BOULEVARD ABDELMOUMEN 20100 CASABLANCA
GENERALE DES EQUIPEMENTS MEDICAUX ET INDUSTRIELS MAROC (GEMIMAR),"Exportation, Distribution,DM non steriles",110 AVENUE 2 MARS RESIDENCE MEDITERRANEENNE 1 ETAGE 4 N 19 QUARTIER DES HOPITAUX CASABLANCA
GENI MEDIC,"Importation, Distribution,DM sterilesDM non steriles",889 BLOC 32 BOULEVARD NIL SIDI OTHMANE CASABLANCA
GENIEPARA,"Distribution,DM sterilesDM non steriles",RUE 17 N 92 MANDARONA RDC AIN CHOCK CASABLANCA
GEOMED SARL,"Importation, Exportation, Distribution, Maintenance,DM sterilesDM non steriles",7 RUE ABOU BAKR MOUHAMED IBN ZAHR QUARTIER DES HOPITAUX-CASABLANCA
GHALI & ADAM CORP SARL,"Importation, Distribution, Maintenance,DM sterilesDM non steriles",64 RESIDENCE LES JARDINS ZOHOUR 2 FES
GHITA EQUIPEMENT MEDICALIS ET SURGICALS,"Distribution,DM sterilesDM non steriles",RESIDENCE MED MAROMANE BOULEVARD DE LA POLESTURE LOTISSEMENT RATMS MARRAKECH
GLASSES AND LENS,"Importation, Exportation, Distribution,DM steriles",MASSIRA 1 B N 346 MARAKECH
GLAXOSMITHKLINE MAROC,"Fabrication Importation, Distribution,DM non steriles",4244 ANGLE BOULEVARD RACHIDI ET ABOU HAMED EL GHAZALI AIN AOUDA RABAT
GLOBAL DENTAIRE,"Importation, Exportation, Distribution,DM sterilesDM non steriles",N 24 RUE ALYOUSSOUFIA HAY AL AMAL RTE SEFROU FES
GLOBAL MEDICAL SOLUTION,"Importation, Distribution, Maintenance,DM sterilesDM non steriles",217 BOULEVARD BRAHIM ROUDANI RESIDENCE AL FATH ETAGE 1 N 3 MAARIF CASABLANCA
GLOBAL SANTE,"Fabrication Importation, Exportation, Distribution,DM sterilesDM non steriles",IMMEUBLE N 29 RUE 2 APPARTEMENT 20 YOUGOUSLAVIE GUELIZ MARRAKECH
GLOBALE TECHNIQUE SANTE SARL,"Importation, Distribution,DM non steriles",LOTISSEMENT RIAD OULED METAA SECTEUR 3 N 163 TEMARA
GLOBEX IMPLANT DENTAIRE SARL AU,"Importation, Exportation, Distribution,DM sterilesDM non steriles",RUE SOUMAYA RESIDENCE SHEHRAZADE 3 5 EME ETAGE N 22 PALMIERS MAARIF CASABLANCA -MAROC
GOLD PHARMA,"Exportation, Distribution,DM sterilesDM non steriles",102 LOTISSEMENT DANDOUNE SIDI MAAROUFE CASABLANCA
GOLDMED SARL AU,"Importation, Distribution, Maintenance,DM sterilesDM non steriles",N 3257 LOTISSEMENT WIFAK TEMARA
GRAND LABORATOIRE,"Importation, Distribution, Maintenance,",46 RESIDENCE OUM EL KOURA RUE DE LILE BD EMILE ZOLA CASABLANCA
GRAND TANGER MEDICAL SARL,"Distribution,DM sterilesDM non steriles",ANGLE BD DOCTEUR FARAJ RUE 21 N 88 BIS TANGER
GREEN MATERIAL MEDICAL SARL,"Fabrication Importation, Exportation, Distribution, Maintenance,DM sterilesDM non steriles",LOTISSEMENT MOUMEN N 67 MOHAMMEDIA
GROUPE DENTALE D`ITALIE SARL,"Importation,",66 RUE 136 HAY EL HOUDA SIDI MOUMEN
GUENNOUN FRANCHISE SERVICE,"Distribution,",AVENUE MOULAY ALI CHERIF N?33 TANGER
GUERAMY IMPORT EXPORT SARL,"Importation, Exportation, Distribution,DM non steriles",ROUTE MAGHNIA R A7 LOT TALHAOUI N?35 OUJDA
GYLMED,"Importation, Distribution,DM sterilesDM non steriles",10RUE BOULMANE BOURGOUNE CASABLANCA
GYNEBIOPHARMA SA,"Importation, Distribution,DM sterilesDM non steriles",63.BOULVARD D`ANFA CASABLANCA
H`IMPORT,"Importation,DM sterilesDM steriles",2 RUE ASSANOBAR 4EME ETAGE N 12 CASABLANCA
H2SS SARL,"Importation, Distribution,DM sterilesDM non steriles",RUE EZZARKTOUNI RESIDENCE SAMY IMMEUBLE 50 MAGASIEN 4 FES
HALTYS SARL AU,"Importation, Exportation, Distribution,DM sterilesDM non steriles",265 BOULEVARD ZERKTOUNI 20050 CASABLANCA
HARTMED SARL,"Importation, Distribution,",N 637 SAADA 1-A N 637 MHAMID MARRAKECH
HAYAT MOROCCO SARL,"Importation, Distribution,",CENTRE COMMERCIAL PARANFA AIN DIAB CASABLANCA
HEALING MEDICAL SARL AU,"Fabrication Importation, Exportation, Distribution,DM sterilesDM steriles",61 BIS BOULEVARD BIR ANZARAN LOTISSEMENT BEN KACEM SETTAT
HEALTH FACTORY,"Fabrication Importation, Exportation, Distribution, Maintenance,DM sterilesDM non steriles",RESIDENCE AL AZRAK BERDIGO IMMEUBLE 55 APPARTEMENT 2 DOMICILIE TEMARA
HEALTH INNOVATION,"Importation, Exportation, Distribution,DM sterilesDM non steriles",19 RUE RACINE VAL FLEURI MAARIF CASABLANCA
HEALTHCARE INSTITUTE,"Importation, Exportation, Distribution,DM sterilesDM non steriles",6 RUE DAYET AOUA APPARTEMENT 18 ETAGE 4 AGDAL RABAT
HEMODIA SARL,"Importation, Exportation,",230 RUE 14 HAY MANDAROUNA 20153 CASABLANCA AIN CHOC CASABLANCA
HEMOLAB,"Importation, Distribution, Maintenance,DM sterilesDM non steriles",12 RUE DE BERNE RESIDENCE WALILI QUARTIER DES HOPITAUX CASABLANCA
HEMOLAB-PHARMA,"Importation, Distribution,DM steriles",ZONE INDUSTRIELLE SAHEL LOTISSEMENT N 125 HAD SOUALEM
HEMOTEC SARL,"Importation, Exportation, Distribution, Maintenance,DM sterilesDM non steriles",AL MOUSTAKBAL GH 08 IMMEUBLE 55 APPARTEMENT 04 SIDI MAAROUF CASABLANCA
HERMATE PHARM SARL AU,"Importation, Exportation, Distribution,DM sterilesDM non steriles",ALKASBA SOUIKA KSSIBTE NHASS N 129 MARRAKECH
HIBA MED SARL AU,"Distribution,DM sterilesDM non steriles",15 RU 31 BIN LAMDOUN AIN CHOOK CASABLANCA
HIGH MED SARL,"Importation, Distribution,",BOULEVARD BOURGOGNE RUE JAAFAR IBNOU HABIB RESIDENCE AL MACHRIK 2 1ER ETAGE N 3 CASABLANCA
HIGHTEC MEDICAL DEVICES,"Importation, Distribution,DM steriles",LOTISSEMENT AL MANAR ZONE 6 N 38 EL JADIDA
HM MEDICAL SARL,"Fabrication Exportation, Maintenance,DM sterilesDM non steriles","BOULEVARD YAKOUB MANSOUR, RUE HAJ JILALI EL OUFIR RESIDENCE MAARIF CASABLANCA"
HOLDING MEDICAL SARL,"Fabrication Importation, Exportation, Distribution, Maintenance,DM sterilesDM non steriles",GARAGE N 25 TRANCHE CENTRE COMMERCIAL DAR EL BIR WA AL IHSSANE MARRAKECH
HOPE MEDICALE,"Importation, Distribution, Maintenance,DM sterilesDM non steriles",IMMOUBLE 113 PORTES DE SALE APPARTEMENT N 1 ROUTE DE KNITRA-SALE
HORIZON MEDICAL SARL,"Distribution,DM sterilesDM non steriles",19 RUE AHMED EL MANJOUR BEL-AIR TANGER
HOSPIMED SARL,"Importation, Exportation, Distribution, Maintenance,DM sterilesDM steriles",18 RUE JEAN JAURES RESIDENCE CERNA TRAVA (D) 1 ER ETAGE N 2 GAUTHIER .CP 20060 CASABLANCA
HOSPITERA,"Importation, Distribution,DM sterilesDM non steriles",33 AVENUE IBN SINA APPARTEMENT N 12 AGDAL RABAT
HOUSE MEDIC SARL,"Importation, Exportation, Distribution,DM sterilesDM non steriles",RUE IBN AICHA R?SIDENCE AL HADIKA AL KOBRA IMMEUBLE F APPARTEMENT 8 GUELIZ MARRAKECH
HOVI MAROC MEDICAL SERVICES,"Importation, Exportation, Distribution, Maintenance,DM sterilesDM non steriles",223 BOULEVARD ABDELMOUMEN 2 ET 4EME ETAGE 20360 CASABLANCA
HT PHARMA,"Importation, Distribution,DM steriles",RUE 9 N 18 HAY ADIL RUE 9N 18 MOHAMMDIA
HUMAN CARE PHARMA,"Importation, Distribution,DM sterilesDM non steriles",LAMHAMID 5 IMMOUBLE 40 1ERE ETAGE APPARTEMENT N 2 MARRAKECH
HYDROCOT,"Fabrication Distribution,DM non steriles",LOCAL N 5 CHEMIN 1029 RMEL LAHLAL - BOUSKOURA CASABLANCA
HYGIENE GHARB,"Distribution,DM sterilesDM non steriles",26 AVENUE RYADA KENITRA
HYPER PARASUD SARL AU,"Importation, Exportation, Distribution,DM sterilesDM non steriles",LOT NAKHIL BLOC 5 N?15 SYBA MARRAKECH
HYPERMEDIC,"Importation, Distribution,DM sterilesDM non steriles",ENSEMBLE RESIDENTAL ET COMMERCIAL EL AKKARI C 95 EL MASSIRA 1 N17 MENARA MARRAKECH
ICOMAP SARL,"Importation, Exportation, Distribution,DM sterilesDM non steriles",19 RUE HENRI MOREAU VAL FLEURI CASABLANCA
IDENTAL MOROCCO,"Importation, Exportation, Distribution,DM sterilesDM non steriles",1ER ETAGE APT 2 RUE OUED MAKHAZINE NARJIS A FES
IDENTITE MEDICALE SARL,"Importation, Distribution, Maintenance,DM steriles",1.ANGLE BOULEVARD ZERKTOUNI ET RUE CASABLANCA
IDEX PHARME,"Importation, Distribution,",RESIDENCE LE JAYAU IV 2 RUE IBN AL MOATAZ 20300 CASABLANCA
IDRISSI MED SARL AU,"Distribution,DM sterilesDM non steriles",LOTISSEMENT NADIA GR4 ETAGE RD N1 N1243 LAHRAOUINE CASABLANCA
IHSSANE MEDICALE,"Distribution,",20 COMPLEXE DAR AL BIR OUA AL IHSSANE DAOUDIATE MARRAKECH
IM ALLIANCE,"Importation, Exportation, Distribution, Maintenance,DM sterilesDM non steriles",ANGLE BOULEVARD OMAR EL KHAYAM ET SIDI ABDERRAHMANE BEAUSEJOUR CASABLANCA
IMCHEM PHARMA,"Importation, Distribution,DM steriles",218 GR EL BARID -HAY NAHDA RABAT
IMPLAFITT SARL,"Exportation, Distribution,DM sterilesDM non steriles",AVENUE PATRICE LUMUMBA IMMEUBLE 7 APPARTEMENT 6 HASSAN RABAT MAROC
INDO MAROC SARL,"Fabrication Importation, Exportation, Distribution,DM steriles",ZONE INDUSTRIELLE ALLEE N 1 LOTISSEMENT N 5 RTE DE TETOUAN TANGER
INGENIERIE BIOMEDICALE S.A.RL,"Maintenance,DM non steriles",N 7 IMMEUBLE CONCORDE RUE DE LA FOIRE Q.I AGADIR
INNO MADE SARL,"Importation, Distribution, Maintenance,DM steriles",25 BIE RUE BOUIBLANE APPARTEMENT N 6 RABAT
INNO-SETS SARL,"Importation, Exportation, Distribution,DM sterilesDM non steriles",42.RUE DES HOPITAUX QUARTIER DES HOPITAUX MAARIF CASABLANCA
INNOVATION MANAGEMENT PHARMACEUTIQUE,"Exportation, Distribution,DM sterilesDM steriles",38 RUE AHMED ENNACIRI RESIDENCE NASR PALMIER CASABLANCA
INNOVATIVE DENTAL SOLUTIONS,"Importation, Distribution,DM sterilesDM non steriles",PLACE MOULAY ABDELAZIZ RESIDENCE ENNARES 4 EME ETAGE N 15 TANGER
INOVAMED SARL,"Importation, Distribution,",N 11 RUE AZIZ BELLAL BOULEVERD ZARKTOUNI CASABLANCA
INSTAMED SARL,"Importation, Distribution,DM sterilesDM non steriles",BOULEVARD MOULAY YOUSSEF RESIDENCE YASINE2 1ER ETAGE N 14 TANGER
INSTITUT PHARMACEUTIQUE BIO,"Fabrication Importation, Exportation, Distribution,DM steriles",142 OPERATION KHALIL 1 ASKEJOUR MARRAKECH
INTER EQUIPEMENT MEDICAL SERVICES MAROC SARL,"Importation, Exportation, Distribution, Maintenance,",8 RUE EZZAHRAOUI ABOU EL KACEM OU DES HOPITAUX ANFA 20100 CASABLANCA
INTER LENS,"Fabrication Importation, Distribution,",77 RUE MOHAOU HAMOU CASABLANCA
INTERNATIONAL MEDICAL SERVICE ( IMS),"Importation,DM steriles",26 AVENUE MERS SULTAN EATG 1 APPARTEMENT 3 CASABLANCA
INTIMA MEDICAL,"Exportation,DM non steriles",10.AVENUE ALLAL BEN ABDELLAH FES
INTRACE SARL,"Importation,DM non steriles",AVENUE AHMEDBENABBOUD KISSARIAT CHERKAOUI APPARTEMENT 44 SALE MAROC
IP SANTE SARL AU,"Importation, Distribution,DM steriles",3EME ETAGE N 10 AHMED CHARCI IMMEUBLE A QUARTIER RACINE CASABLANCA
IPEXA,"Importation,",RUE BANAFSAJ ANGLE BOULEVARD OMAR KHAYAM RESIDENCE YASMINE IMMEUBLE B BEAUSEJOUR CASABLANCA
IPHABIOTICS,"Importation, Distribution,",6 RUE IBNOU KHALIKANE PALMIER CASABLANCA
IRAQI MEDICAL PROMO,"Distribution,DM sterilesDM non steriles",N 65 RUE HAJ AHMED AKHENOUCH AGADIR
IRIS COSMETOLOGIE (IRCOS),Fabrication,N 109 QUARTIER INDUSTRIEL SIDI GHANEM .MARRAKECH
ISOMED SARL,"Importation, Exportation, Distribution, Maintenance,DM sterilesDM non steriles",43.RUE AHMED ANNASSIRI RESIDENCE BADR RDC APPARTEMENT N2 CASABLANCA
ISOPHARM,"Importation, Distribution,DM sterilesDM non steriles",12 RUE SOULEIMANE AZMI QUARTIER DES HOPITAUX CASABLANCA
ITH MAROC,"Exportation, Distribution, Maintenance,DM steriles",N 26 RUE 8 LOTISSEMENT NASSIM ROUTE D`AZEMOUR CASABLANCA
ITRI DENT,"Distribution,DM sterilesDM non steriles",LOTISSEMENT N 17 ROUTE ANTARA LOTISSEMENT MIMA -KENITRA
IZEST SARL,"Importation, Distribution,DM sterilesDM non steriles",RESIDENCE SALMA 02 IMMEUBLE 6 ETAGE 1 N 4 HAY EL JAMEAA BOUSKOUR CASABLANCA
JALAL MED SARL,"Importation, Distribution,DM sterilesDM non steriles",80 BOULEVARD AL GRANDE CEINTURE N 70 CASABLANCA
K AND A PARA SARL,"Importation, Exportation, Distribution,DM sterilesDM non steriles",N 75 DOUAR LAHRACH ASKEJOUR MARRAKECH
KADI MED,"Fabrication Importation, Exportation, Distribution, Maintenance,DM sterilesDM non steriles",15 RUE ABOU BAKR MED BNOU ZAHR QH CASABLANCA
KAFMEDIC SARL,"Importation, Exportation, Distribution,DM sterilesDM non steriles",11.B MOHAMED BEN ABDELLAH RESIDENCE DAR ESSALAOUI CASABLANCA
KAMADENT SARL,"Distribution,DM sterilesDM non steriles",152 AVENUE FATIMA ZOHRA.TANGER
KAMENDIS SARL,"Importation,DM steriles",8 RUE BOULMANE BOURGOUNE-CASABLANCA
KEDEX,"Importation, Distribution,DM steriles",RUE BANFSAJ ANGLE BD OMAR KHAYAM RESIDENCE YASMINE IMMEUBLE B BEAUSEJOUR CASABLANCA
KENITRA DENTAIRE SARL,"Distribution,DM sterilesDM non steriles",RUE QORTOBA IMMEUBLE N 5 BUREAU N 4 RISIDENCE NISRINE KENITRA
KERDENT,"Importation, Maintenance,DM non steriles",N 22 RUE ABDELMOIMEN HASSAN RABAT
KHAWAREZMI PARA SARL AU,"Importation,DM sterilesDM non steriles",144 RUE MOHAMED SMIHA RESIDENCE JAWHARTE MOHAMED SMIHA 6 ETAGE APPARTEMENT N 35 CASABLANCA
KHOURIBGA MEDIC,"Distribution,",N?58 RUE LAYOUN BLOC J NAHDA KHOURIBGA
KINGPHAR SARL,"Distribution,DM sterilesDM non steriles",N 20 BLOC A COMPEXE IBN TACHFINE AVENUE PRINCE MOULAY ABDELLAH MARRAKECH
KISSI MED SARL,"Importation, Exportation, Distribution,DM sterilesDM non steriles",4 RUE 188 HAY EL HASSANI OUJDA
KIT MED SLAOUI ET CIE SARL,"Importation, Distribution, Maintenance,DM sterilesDM non steriles",33 RUE LAHCEN AL ARJOUNE.QUARTIERDES HOPITAUX CASABLANCA
KSD MEDICAL SARL,"Exportation, Distribution,DM sterilesDM non steriles",17 PLACE PASTEUR BUILD ETAGE 06 N 5 CASABLANCA
KYA MEDICAL SARL,"Importation, Distribution,DM sterilesDM non steriles",26 AVENUE MERS SULTAN CASABLANCA
L EMPREINTE MEDICALE SARL AU,"Importation, Exportation, Distribution,DM sterilesDM non steriles",7 RUE ANTISERABE APPARTEMENT N 6 AVENUE MEKNES
L N OPTIC,"Importation, Distribution,",ZI GZENAYA LOTISSEMENT N 379 ROUTE DE RABAT TANGER
L`EQUIPMENT MEDICAL,"Distribution,DM non steriles",8 AVENUE MOULAY RACHID TANGER
L`EQUIPMENT MEDICAL,"Distribution,DM steriles",8 AVENUE MOULAY RACHID TANGER
"LA MAGHREBINE D`OPTIQUE Distribution,","Importation, Distribution, Maintenance,DM sterilesDM non steriles",25 RUE EL OQHOWANE MERS SULTAN CASABLANCA
LA MAISON DU MEDICAL ET DU LABORATOIRE,"Importation, Distribution, Maintenance,DM sterilesDM steriles",BOULEVARD IBNOUTACHFINE R?SIDENCE FATIMA ZAHRA 7 APPARTEMENT 7 3EME ETAGE
LABCO SARL,"Importation, Exportation, Distribution, Maintenance,DM sterilesDM non steriles",ETAGE RDC.APPARTEMENT N 2 LOTESSEMENT ANNA 3 N 1 SIDI MAAROUF CASABLANCA
LABEL MEDICAL SARL,"Importation, Distribution,",77 BOULEVARD DE PARIS APPARTEMENT N3 CASABLANCA
LABMEDIC TECHNOLOGIES,"Importation, Distribution, Maintenance,",ALIA 1 RUE 13 N 2 OULFA CASABLANCA
LABORATOIRE TRADIPHAR MAROC,"Exportation, Distribution,DM sterilesDM non steriles",BERRECHID 57 RUE ALLAL BEN ABDELLAH CASABLANCA
LABORATOIRES PHARMACEUTIQUES IBERMA,"Fabrication Distribution,DM sterilesDM non steriles",BOULEVARD ZERKTOUNI MAARIF N? 237
LABORATOIRES TECHNIPHARM,"Importation, Distribution,DM sterilesDM non steriles",1075 BOULEVARD MED VI RESIDENCE FATHZHAR.MAGASIEN N 84 CASABLANCA
LABRINI MED SARL AU,"Importation, Distribution,DM sterilesDM non steriles",AVENUE ENNAKHIL IMMEUBLE REDA 1 ER ETAGE APPARTEMENT 6 EL JADIDA 24000
LAPROPHAN SA,"Importation, Distribution,DM sterilesDM non steriles",18.BOULEVARD EMILE ZOLA 20 300 CASABLANCA
LARAMEDIC,"Importation, Exportation, Distribution, Maintenance,DM sterilesDM non steriles",OP. PALMIERS 4 IMMEUBLE 113 BIS APPARTEMENT B4 TAMENSOURT MARRAKECH
LASAMED SARL,"Importation, Distribution,DM sterilesDM non steriles",N 12 1ER ETAGE RUE SABRI BOUJEMAA CASABLANCA
LAWAZIME ASNANE SARL,"Importation, Distribution,",GROUPE DOHA KHEIR RESIDENCE 20N 6 SALA AL JADIDA SALE
LE COMPTOIRE MEDICAL DENTAIRE,"Importation, Distribution, Maintenance,DM sterilesDM non steriles",HAY FARAH BOULEVARD ABA CHOUAIB DOUKKALI RUE 30 N 81 RESIDENCE DE CHAUSSEE CASABLANCA
LEM GROUPE,"Importation, Exportation, Distribution,DM sterilesDM non steriles",ETAGE MAGASIEN N22 RUE 2 HAY EL FARAH MOULAY RACHID CASABLANCA
LEPINE MAROC SARL,"Importation, Distribution,DM sterilesDM non steriles",79 AVENUE IBN SINA N54 RABAT
LES HERITIRES GUESSOUS MOHAMMED,"Importation, Distribution,DM steriles",12 BOULEVARD MOULAY ISMAIL FES
LES NORMES ELECTRO-MEDICAL SARL AU,"Importation, Exportation, Distribution, Maintenance,DM non steriles",519 A LOTISSEMENT 519 HAJ FATEH EL OULFA 20260 CASABLANCA
LES PLUS BELLES LUNETTES SARL,"Importation, Distribution,DM steriles",23 RUE MOUSSA BEN NOUSSAIR ETAGE 2 APPARTEMENT 5 TANGER
LEUCOTHEE SARL,"Importation, Distribution,DM non steriles",196 AVENUE MERS SULTAN 20120 CASABLANCA
LILIM PHARM SARL,"Importation, Exportation, Distribution,DM sterilesDM non steriles",3 RUE TOUR HASSAN APPARTEMENT 301 RUE CHAOUEN HASSAN-RABAT
LOCAMED SERVICE,"Importation, Exportation, Distribution, Maintenance,DM sterilesDM non steriles",11 RUE MAMOUNIA (EX CTM) RABAT
LOGIC DIFFUSION,"Importation, Distribution, Maintenance,DM non steriles",22 RUE NASSIH EDDINE MAARIF CASABLANCA
LOHMANN&RAUSCHER,"Importation, Distribution,DM steriles",15 RUE SARIA BNOU ZOUNAIM RESIDENCE ANASS QUARTIER PALMIER CASABLANCA
LONGILIGNE,"Importation,DM non steriles",1 LOTISSEMENTT NOOR SIDI MAROUF CASABLANCA
LONGILIGNE,"Importation,DM steriles",1 LOTISSEMENTT NOOR SIDI MAROUF CASABLANCA
LOUKOUS PARAMEDICAL,"Distribution,",QUARTIER ANDALOUS GROUPE A RUE 17 N?10 KSAR EL KEBIR
LUSTINER MAROC SARL,"Importation,DM non steriles",5 BIS RUE GHANA -APPARTEMENT 2 RABAT
M B S DIFFUSION MEDICAL SARL,"Importation,DM steriles",N 434 BLOC A4 AOUINAT EL HAJJAJ FES
M.B PARAMEDICALE,"Distribution,DM non steriles",276 NAHDA KHEMIS ZEMAMRA SIDI BENNOUR
M.M.C SANTE,"Distribution,DM sterilesDM non steriles",RUE .OUED ZIZ LOTISSEMENT LES IRISS OUJDA
M2S.S SARL AU,"Importation, Distribution, Maintenance,DM non steriles",BOULEVARD OUED DARRA RUE 45 N 25 OULFA CASABLANCA
MABIOTECH SARL,"Exportation, Distribution, Maintenance,DM sterilesDM non steriles",BEAUFRUIT II 24 ZONE INDUSTRIELLE AIN ATIQ
MAGHREB MED SARL,"Exportation, Distribution, Maintenance,DM sterilesDM non steriles",JNANE NAHDA-IMMEUBLE 43 APPARTEMENT N 8 HAY NAHDA RABAT
MAGHREB OXYGENE,"Importation, Exportation, Distribution,",IMMEUBLE TAFRAOUTI KM 7.5 ROUTE DE RABAT AIN SEBAA CASABLANCA
MAGHREB-EUROPEEN PHARMACEUTICAL INDUSTRIES SARL,"Fabrication Importation, Exportation, Distribution, Maintenance,DM sterilesDM non steriles",48 BOULEVARD PASTEUR GALERIE ALJISR 3 EME ETAGE N 17 TANGER
MAHDATI PARA,"Distribution,DM sterilesDM non steriles",MAGASIN 7 RAYAD AZZA YTOUNE E 18 MEKNES
MAISON DE LA SANTE,"Distribution,DM sterilesDM non steriles",57 BOULEVARD HOPITAL EL HASSANI NADOR
MAISON PARA-MED,"Fabrication Importation, Exportation, Distribution, Maintenance,DM sterilesDM non steriles",N 79 LOTISSEMENT ARRAOUD SECTEUR 4 KARIA SALE
MAJAL PARA SARL,"Importation, Exportation, Distribution,DM sterilesDM non steriles",SIDI ABBAD 3 N4 MAGAZIEN AU SOUS SOL MARRAKECH
MAJORELLE ORTHOPEDIE,"Fabrication Importation, Distribution,DM non steriles",2 RUE ANGLE DU SERGENT LEVET ET FERKLA-GUELIZ MARRAKECH
MAKAMED,"Importation, Distribution,DM sterilesDM non steriles",AVENUE 6 NOVEMBRE N 27 LOTISSEMENT AL AMALTABRIQUET SALE
MANAGEMENT ET DEVELOPPEMENT PHARMACEUTIQUE,"Importation, Distribution,DM sterilesDM non steriles",59 RUE AL KHANSSA ETAGE APPARTEMENT 4 PALMIER CASABLANCA
MAPHAR S.A,"Importation, Distribution,DM sterilesDM non steriles",KM 10 ROUTE COTIERE 111 QUARTIER INDUSTRIEL -ZENATA AIN SEBAA.CASABLANCA -MAROC
MAREDIC SARL,"Importation, Distribution,DM sterilesDM non steriles",46 RUE SALEM CHERKAOUI 20360 CASABLANCA
MAROC BUSINESS SERVICE TRADING SOLUTIONS SARL,"Importation, Distribution, Maintenance,DM sterilesDM non steriles",58 RUE ELIGH QUARTIER ESSALAM 80000 AGADIR MAROC
MAROC CHIRURGIE,"Importation, Distribution,",16 RUE 169 GROUPE H-HAY OULFA CASABLANCA
MAROC DENTAIRE BENJELLOUN,"Importation, Exportation, Distribution,DM sterilesDM non steriles",IMM 57 ANGLE AVENUE DES ALMOHADES ET RUE DES EMIRATES UNIES FES V.N
MAROC DIABETE PLUS,"Importation, Distribution,",94 RUE ABOU ASSALT AL ANDALOUSSI MAARIF CASABLANCA
MAROC MEDICAL SERVICES SARL,"Importation, Exportation, Distribution, Maintenance,DM sterilesDM non steriles",78 BOULEVARD LA RESIDENCE APPARTEMENT 66 SIDI BALYOUT CASABLANCA
"MAROC ORTHODONTIE ALIGNEUR Distribution, (MOAD)","Exportation,",214 BOULEVARD IBNOU SINA HAY HASSANI 20210 CASABLANCA
MAROCCO DIALYSIS,"Fabrication Importation, Exportation, Distribution, Maintenance,DM sterilesDM non steriles",LOTISSEMENT AMSERNAT I 34 AGADIR MAROC
MASTORAL DIFFUSION,"Importation, Exportation, Distribution,DM sterilesDM non steriles",ANG RUE IBN ZAIDOUNE ET TUNIS N 1 HAY EL FARAHMOHAMMADIA
MATIN MEDICAL SARL AU,"Distribution,DM sterilesDM steriles",165 BOUMESMAR DAOUDIATE MARRAKECH
MAXIMED SARL,"Importation, Exportation, Distribution, Maintenance,DM sterilesDM non steriles",BOULEVARD D`ANDROMEDE ARRONDISSEMENT MAARIF CASABLANCA
MC PHARMA,"Importation,DM non steriles",LOTISSEMENT BACHKOU LOTISSEMENT 10 RUE 7 CASABLANCA
MCDOMAR GROUP,"Importation, Distribution, Maintenance,DM non steriles",18 RUE 66 HAY MOULAY ABDELLAH CASABLANCA
MDV MEDICAL DEVICE,"Importation,DM steriles",17 PLACE PASTEUR RESIDENCE PASTEUR BUILD 7 EME ETAGE CASABLANCA
MECA -MEDIC SARL AU,"Importation, Distribution,DM sterilesDM non steriles",51.NEZHA 1 FQUIH BEN SALAH
MED RAYS SARL,"Importation, Distribution,DM non steriles",3354 AL WIFAQ TEMARA 12040
MED SOLUTIONS,"Importation,DM steriles",8 RUE EL WAHA EL MENZEH MEKNES
MEDECHOMAT SARL,"Importation, Exportation, Distribution, Maintenance,DM sterilesDM non steriles",16.N 3 AVENUE SIDI MOHAMMED BELHASSAN SALA AL JADIDA SALE
MEDEST,"Distribution,DM sterilesDM non steriles",81 RUE DAOUD IBN AICHA ANGLE RUE DAKHLA OUJDA
MEDEXEL,"Importation, Distribution, Maintenance,DM sterilesDM non steriles",23 PLACE LOUIS PASTEUR QUARTIER DES HOPITAUX 20360 CASABLANCA
MEDI BIO,"Importation, Exportation, Distribution,DM sterilesDM non steriles",131 BOULEVARD ABDELMOUMEN N 17 4 EME ETAGE CASABLANCA
MEDI CENTRE,"Importation, Distribution,DM sterilesDM non steriles","71,RUE DES ECOLES 2 EME ETAGE APPARTEMENT N?6 QUARTIER BURGER - BEAUSEJOUR CASABLANCA"
MEDI MAK SARL.AU,"Importation, Distribution,DM sterilesDM non steriles",28 AVENUE DES FAR 1 ER ETAGE APPARTEMENT 2 MEKNES
MEDI ORTHOPEDIE SARL,"Importation, Distribution,DM non steriles",CHEIKH MAKOUDI N?30 RUE 16 TANGER
MEDI SOINS SARL,"Importation, Exportation, Distribution, Maintenance,DM sterilesDM non steriles",OUM DHAR HAY YASMINA N 18 BENI MELLAL
MEDI-ATLAS,"Exportation, Distribution,DM sterilesDM non steriles",N 17 BLOC 5 LOTISSEMENT CADI AYAD ASSIF MARRAKECH
MEDIC HEALT,"Importation, Exportation, Distribution, Maintenance,DM steriles",N173 MAGASIEN 2 HAY AIT SKATO ROUTE IMMOUZER FES
MEDIC`UP SARL,"Distribution,DM non steriles",IMMEUBLE ANTI 8 RUE IMAM GHAZALI N A6 TANGER
MEDICA MAROC SARL,"Importation, Exportation, Distribution,DM sterilesDM non steriles",IMMEUBLE 14 RUE JABEL TAZEKA 1ER ETAGE APPARTEMENT 4 AGDAL RABAT
MEDICAL 10000,"Distribution,DM sterilesDM non steriles",N 80 LOTISSEMENT YASSMINA1 2EME TRANCHE KHOURIBGA
MEDICAL 2000 SARL,"Importation, Exportation, Distribution, Maintenance,DM sterilesDM non steriles",13 ANGLE RUE IBNOU KHATIMA ET GROS DUBREUIL QUARTIER DES H?PITAUX CASABLANCA
MEDICAL ADAM SARL,"Importation, Distribution,DM sterilesDM non steriles",IMMEUBLE 1-5 MAGASIEN 8 PROJET HASSAN 2 HAY MOHAMMADI CASABLANCA
MEDICAL AFRICAIN SYSTEM (MEDAF SARL ),"Importation, Exportation, Distribution, Maintenance,DM sterilesDM non steriles",APPARTEMENT 11 IMMEUBLE 3 AVENUE IBN SINA ISMAILIA 2 MEKNES
MEDICAL COMPUTING TECHNOLOGY & ULTASOUND SOCIETY - MCTUS-,"Importation, Distribution,DM sterilesDM non steriles",AVENUE TARIK IBN ZIAD RESIDENCE AL OSRA IMMOUBLE 3 APPARTEMENT 7 TEMARA
MEDICAL DISTRIB,"Importation, Exportation,",IMMEUBLE B ANGLE BD BIR ANZARANE ET ABOU ISHAK CHIRAZI APPARTEMENT 13 MAARIF EXTENSION CASABLANCA
MEDICAL ESTHETIC CENTER,"Importation, Exportation, Distribution,DM non steriles",8 RUE DU POINT DU JOUR QUARTIER RACINE CASABLANCA
MEDICAL EXPERT,"Fabrication Importation, Distribution, Maintenance,DM steriles",28 RUE LONGUEDOC QUARTIER DES HOPITAUX CASABLANCA
MEDICAL EXTRA,"Importation, Distribution,DM sterilesDM non steriles",384 DAR LAMANE BLOC R N 7 HAY MOHAMMADI CASABLANCA
MEDICAL HOUSE SARL,"Distribution,DM sterilesDM non steriles",CITE AL QUOS RUE IMAM CHAFI N 2 AGADIR
MEDICAL LABORATOIRE SERVICE SARL,"Fabrication Importation, Exportation, Distribution, Maintenance,DM sterilesDM non steriles",IMMEUBLE MEDICAL BUSINES CENTER 540 AVENUE DES FAR TETOUAN
MEDICAL MARKET SARL,"Importation, Exportation, Distribution, Maintenance,DM sterilesDM non steriles",62. AVENUE AL MAGHREB AL ARABI RDC RABAT
MEDICAL SUPPORT,"Importation, Distribution,DM sterilesDM non steriles",LOTISSEMENT 79 OUAFAE 5 ROUTE DE SEFROU EN FACE FACULTE DE MEDCINE FES
MEDICAL SYSTEMS,"Importation, Distribution, Maintenance,DM sterilesDM non steriles",3 RUE OUM ERRABIA ANGLE AVENUE OQBAH AGDAL RABAT
MEDICAL TECH SARL,"Importation, Distribution,DM steriles",6 RUE 6 OCTOBRE BOULEVARD AL MASSIRA AL KHADRA ETG3 CASABLANCA
MEDICAL TECHNIQUE SARL,"Importation, Exportation, Distribution, Maintenance,DM non steriles",INARA 1 RUE 13 N 16 ET RESIDENCE AHFAD C APPARTEMENT 11 AL QODS
MEDICALEX SARL,"Importation, Exportation, Distribution, Maintenance,DM sterilesDM non steriles",86.BOULEVARD MLY DRISS 1 ER QUARTIER DES HOPITEUX .20100 CASABLANCA
MEDICALS INTERNATIONAL NORTH AFRICA,"Importation, Distribution,DM sterilesDM non steriles",12 RUE SABRI BOUJEMAA 1 ER ETAG APPARTEMENT N 6 SIDI BELYOUT CASABLANCA
MEDICALYKIT SARL,"Importation, Exportation, Distribution, Maintenance,DM sterilesDM non steriles",ANGLE BOULEVARD ZIRAOUI ET RUE MOHAMED SIDKI 1 ER ETAGE BOURGOGNE CASABLANCA
MEDICAMIN,"Importation,DM steriles",DOUAR OLD BOUBERKAT SKHIRAT
MEDICAR SARL,"Importation, Distribution, Maintenance,DM sterilesDM non steriles",21/23 RUE ABOU MOUSSA EL JAZOULI MAARIF CASABLANCA MAROC
MEDICATRONIC,"Importation, Exportation, Distribution,DM sterilesDM non steriles",241 BOULEVARD EMILE ZOLA QUARTIER BELVEDERE 2 EME ETAGE APPARTEMENT N 4 CASABLANCA
MEDICHOIX SARL AU,"Distribution,DM sterilesDM non steriles",3 ET 5 RUE OMAR EL KINDY BOURGOGNE CASABLANCA
MEDICODE SARL,"Importation,",AVENUE SIDI ABDELHAMID QUARTIER ADMINISTRATIF CHEFCHAOUEN
MEDICODENTAIRE,"Importation, Exportation, Distribution, Maintenance,DM sterilesDM non steriles",22 RUE AHMED AL MAQRI .RACINE 20050 CASABLANCA
MEDICODEX SARL,"Importation, Distribution,DM sterilesDM non steriles",N2 IMMEUBLE ATLASI RESIDENCE DAR EL HAMRA AVENUE ALLAL EL FASSI MARRAKECH
MEDICOR,"Importation,",17 RUE EL KADI AISS MAARIF CASABLANCA
MEDICORP MAGHREB SARL,"Importation, Distribution,",RESIDENCE NADIA IMMEUBLE 4 APPARTEMENT 8 BOULEVARD BRAHIM ROUDANI CASABLANCA
MEDICOSERVICE SARL,"Importation, Exportation, Distribution, Maintenance,DM steriles",RUE CADIS OULAD SAID TAOUNATE
MEDICPRO,"Fabrication Importation,",38 RUE DES HOPITAUX CASABLANCA
MEDILOU SARL,"Importation,DM sterilesDM non steriles",HAY HANA-RUE 14 N 11 CASABLANCA
MEDIMED,"Fabrication Importation, Exportation, Distribution, Maintenance,DM sterilesDM non steriles",50 RUE DES HOPITAUX QUARTIER DES HOPITAUX CASABLANCA MAROC 50RUE DES HOPITAUX QUARTIER DES HOPITAUX CASA MAROC
MEDINFAR MAROC,"Importation, Distribution,DM sterilesDM non steriles",322.RESIDENCE BOISSY 4 BOULEVARD ZERKTOUNI CASABLANCA
MEDINORM SARL,"Importation, Exportation, Distribution,DM sterilesDM non steriles",AVENUE ABDELKRIM ELKHATABI LOTISSEMENT N8 MARRAKECH
MEDINOVE,"Distribution,DM sterilesDM non steriles",RUE 324 N 2 LA CIGOGNE.KENITRA
MEDIOR SARL,"Fabrication Importation, Distribution,DM non steriles",330 BOULEVARD EDAOURA JAJ FATEH OULFA CASABLANCA
MEDIPRO SARL,"Importation, Distribution,",BORJ EL YACOUT BOULEVARD RAHAL EL MESKINI 3 EME ETAGE 20120 CASABLANCA
MEDIPROMO,"Distribution,DM sterilesDM non steriles",RUE 9 N 17 JIRARI TENGER
MEDISAM SARL,"Importation, Distribution, Maintenance,DM steriles",BOULEVARD ABDELMOUMEN ET RUE SOUMIYA N 22 CASABLANCA
MEDISUT SARL,"Importation, Distribution,",LOTISSEMENT 1337 ZONE INDUSTRIELLE OULAL SALEH HAY EL HASSANI CASABLANCA
MEDITEC SARL EQUIPEMENT MEDICAL,"Importation, Distribution, Maintenance,DM steriles",15.RUE EL HOUDHOUD CASABLANCA
MEDITEN,"Importation, Distribution, Maintenance,DM sterilesDM non steriles",LOTISSEMENT AL MASSIRA AL HASSANIA RUE 4 N 25 R?SIDENCE OUAFFA CASABLANCA
MEDIXO,"Importation, Exportation, Distribution, Maintenance,DM sterilesDM non steriles",29 RUE ZIAD IBNOU RIFAA 1ER ETAGE MAARIF CASABLANCA
MEDOXYGENE SARL,"Importation, Exportation, Distribution,DM non steriles",BOULEVARD BOURGOGNE RESIDENCE EL MACHRIK 2 CASABLANCA
MEDSON SARL,"Importation, Distribution,DM sterilesDM non steriles",161-163 BOULEVARD ABDELMOUMEN N 20 CASABLANCA 23600
MEDWARE SARL,"Importation, Distribution, Maintenance,DM sterilesDM non steriles",51 AVENUE ABDERRAHIML BOUABID SECTEUR 11 HAY RIAD RABAT
MEDXLA SARL,"Importation, Distribution,DM steriles",AVENUE ESSALAM ET RUE HAMER HAY LAMFEDEL SALE
MEGA DENTAL SARL AU,"Importation, Maintenance,",271.RUE 17 HASSANIA 1 MOHAMMEDIA
MEGA DIAGNOSTIC,"Importation, Distribution,",BOULEVARD KHALID BEN OUALID IMMOUBLE 7 APPARTEMENT 1 CITE DAKHLA-AGADIR
MEGAFLEX SARL,"Importation, Distribution, Maintenance,DM sterilesDM non steriles",ANGLE RUE DE L`ISERE ET DE LA CHARENTE BAGATELLE POLO 20420 CASABLANCA
MEHOS SARL,"Importation, Distribution,DM sterilesDM non steriles",59 BOULEVARD ZERKTOUNI RESIDENCE LES FLEURS APPARTEMENT 20 CASABLANCA
MEKNES MEDICAL DU NORD SARL,"Fabrication Importation, Exportation, Distribution,DM sterilesDM non steriles",150 SIDI ABDEL AZIZ 2 TOUARGA MEKNES
MENA IMPLANTS SARL,"Exportation,",34.RUE TAN TAN RESIDENCE SOULAIMANE 1 ETAGE 11APPARTEMENT 94 TANGER
MENARA MEDICAL 2,"Importation, Exportation,DM sterilesDM non steriles",APPARTEMENT N 6 MAGASIEN N 17 RUE DES VIEUX MARRAKCHIS GUELIZ MARRAKECH
MERROMED SARL,"Importation, Distribution,DM sterilesDM non steriles",COMPLEXE AL HASSANI RESIDENCE AL MARJANE 2 APPARTEMENT 38 TANGER
METALSA MED,"Distribution,DM sterilesDM non steriles",RUE JAAFAR ESSADIQ IMM LAKHDAR AGDAL RABAT
METEC DIAGNOSTIC SARL,"Importation, Distribution, Maintenance,DM sterilesDM non steriles",3 RUE IBN EL JAOUZI QUARTIER DES HOPITAUX CASABLANCA
MHAMID PARAMEDICAL,"Distribution,DM sterilesDM steriles",N 494 LOTISSEMENT C MHAMID N1 MARRAKECH
MIA DENT SARL AU,"Importation, Exportation, Distribution, Maintenance,DM non steriles",RUE DAYET AOUA N?6 APPARTEMENT 3 RABAT
MICROLAB SARL,"Importation, Distribution, Maintenance,DM sterilesDM non steriles",RUE N 1 ET RUE ABOU EL WAQT RESIDENCE ANBAR BOURGOGNE CASABLANCA
MIEUX ENTENDRE SARL AU,"Exportation, Distribution, Maintenance,DM steriles",2 ZANKAT ALKAHIRA APPARTEMENT N 12 RABAT
MILLENIUM TECH AND TRADING,"Importation,DM non steriles",23 RUE IBNOU KATIR LOTISSEMENT EL MAWLID MAARIF
MOHAMMED JEBBROUNI MEDICAL 3000,"Importation, Distribution,DM sterilesDM non steriles",153 RUE DE CASABLANCA OUJDA
MOLBIOL EXPERT SARL AU,"Exportation, Distribution, Maintenance,DM sterilesDM steriles",2 RUE AMPERE ETAGE 4 APPARTEMENT 18 CASABLANCA
MOPAK MEDICAL SARL,"Importation, Distribution,DM sterilesDM non steriles",2 RUE AL KHATAWATE AGDAL RABAT
MOUSSAFIR MEDICAL,"Distribution,",IZIKI 1 K3 RUE MOHAMADIA MARRAKECH
MOVISIA,"Importation, Exportation, Distribution,",RESIDENCE OUALILIA ANGLE BD MOULAY IDRISSE RUE CAID AHMED CASABLANCA
MP MAGHREB SARL,"Importation, Distribution,DM sterilesDM non steriles",9AVENUE MOHAMED BELHASSAN EL OUAZZANI CENTRE COMMERCIAL DAR ESSALAM 1ER ETAGE SOUISSI -RABAT
MS DENTAL,"Importation, Distribution,DM non steriles",HADICAT OUM RABII GR 3N 187 OULFA CASABLANCA
MSYS SANTE (MAROC SYSTEMES SANTE),"Importation, Distribution, Maintenance,DM sterilesDM non steriles",21 BOULEVARD DR LAHCEN EL ARJOUNE QUARTIER DES HOPITAUX CASABLANCA 20360
MULTIDENTAL SARL AU,"Importation, Distribution,DM sterilesDM non steriles",4 IMMEUBLE B QUARTIER INARA BOULEVARD TICHKA PROGRAMME AL BOUSTANE AIN CHOK-AIN -CHOCK CASABLANCA
MULTIOZONE MAROC SARL,"Importation, Exportation, Distribution,DM steriles",N 8 BOULEVARD LES FOCULTES ALLAIMON CASABLANCA
MUNDINTER SANTE SARL,"Importation, Exportation, Distribution, Maintenance,DM sterilesDM non steriles",4 RUE EL YARMOUKE (QUARTIER RACINE) MAARIF 20100 CASABLANCA
MY PARA F.B.S,"Distribution,DM sterilesDM non steriles",N26 RUE 10SECTEUR MODERNE BENI MELLAL
N2TECHNOLOGY SARL AU,"Importation, Exportation, Distribution,DM non steriles",15 AVENUE AL ABTAL APPARTEMENT 4 AGDAL RABAT
NADIMED SARL,"Importation, Exportation, Distribution,DM sterilesDM non steriles",14 RUE ACHARI APPARTEMENT N3 AGDAL BP 10090 RABAT
NADIR MOUHSSINE,"Distribution, Maintenance,",RUE 16 NOVEMBRE KISSARIAT KABBAJ N 64 MAGASIEN N 7 FES
NADY TRADE SARL AU,"Importation, Exportation, Distribution,DM non steriles",131.BOULEVARD ANFA RESIDENCE AZUR BUREAU N11 B SIDI BALYOUT CASABLANCA
NAHDA MED,"Distribution,DM steriles",GARAGE BLOC H N8 RUE SAMARA NAHDA 25000 KHOURIBGA
NAKHIL MEDICAL,"Fabrication Importation, Exportation, Distribution, Maintenance,DM sterilesDM non steriles",IBN TOUFIAIL 4 ANGLE IBN ZAIDOUNE ET ABDELOUAHED EDDERRAK MARRAKECH
NEGOMED SARL,"Importation, Distribution,DM sterilesDM non steriles",5 RUE MAUZOLE RESIDENCE EL BACHIR 2 QUARTIER DES HOPITAUX CASABLNACA
NEOPHARMED SARL,"Importation, Exportation, Distribution, Maintenance,DM sterilesDM non steriles",34 RUE DR BROWN QUARTIER DES HOPITAUX CASABLANCA
NEURELEC MAROC,"Importation,DM steriles",223.BOULEVARD ABDELMOUMEN .ANGLE PLACE CHARLES NICOLE CASABLANCA
NEURONET SARL,"Importation, Distribution, Maintenance,DM steriles",CENTRE D`AFFAIRE BOURGOGNE RUE JAAFAR IBNOU HABIB RESIDENCE AL MACHRIK 2 1ER ETAGE N3 CASABLANCA
NEW LIGHT SYSTEM,"Importation, Distribution, Maintenance,DM sterilesDM non steriles",NASSIM ISLANE 2 RESIDENCE CASAVIEW 5 ETAGE N 49 CASABLANCA
NEW MEDIC,"Importation, Distribution, Maintenance,DM sterilesDM non steriles",N?1 BLOC F8 CITE DAKHLA AGADIR
NEWLAB TECHNOLOGIES,"Exportation, Distribution,DM sterilesDM non steriles",32.RUE OLED MHANNA EX LANGUEDOC ETAGE RC CASABLANCA
NHAS MEDICAL SARL,"Importation, Distribution, Maintenance,DM sterilesDM non steriles",ESPACE SAADA N 3 RDC IMMEUBLE M3 MARRAKECH
NIYAS MED,"Importation, Exportation, Distribution, Maintenance,DM sterilesDM non steriles",39 RUE OUED ZIZ N 2 AGDAL RABAT
NOBLE MEDICAL,"Importation, Distribution, Maintenance,DM sterilesDM non steriles",MAGASIEN N 1 MOSQUE AL JOUD NAHDA COMPLEMENT RABAT
NORVAC SARL,"Importation, Distribution,",29 BOULEVARD FENIX AIN SEBAA CASABLANCA
NOTA MED S.A.R.L AU,"Distribution,DM sterilesDM non steriles",APPARTEMENT N 04 IMMEUBLE 10 RESIDENCE NOURIA 2 AVENUE ESSADIYINE VN MEKNES
NOUAR PARA SARL AU,"Importation, Exportation, Distribution,DM sterilesDM non steriles",MASSIRA 1 OPERATION BAHT IMMEUBLE D N31 MARRAKECH
NOURPHARMED,"Importation,DM steriles",7 AV IMAM ALI IMAM LAHLOU N 4 FES
NOVADEAL SARL,"Importation,DM sterilesDM non steriles",206 BOULEVARD ZERKTOUNI 1ER ETAGE CASABLANCA
NOVOMED SARL AU,"Importation, Distribution,DM sterilesDM non steriles",4 RUE 35 HAY MOLAY ABDELLAH CASABLANCA
NOVYMED,"Distribution,DM non steriles",10 RUE OUM ERRABI RESIDENCE HAMZA APPARTEMENT 9 AGDAL RABAT
NS DENTAL SARL,"Importation, Distribution,",LOTISSEMENT KADIRIYA N 38 ET39 LISSASFA CASABLANCA
NUMELEC MAROC SARL,"Importation, Exportation, Distribution, Maintenance,DM sterilesDM non steriles",91 RUE ABOU ALAA ZAHAR QUARTIER DES HOPITAUX 20360 CASABLANCA
OAO OPTICAL LENSES,"Exportation, Distribution,DM non steriles",15 PLACE RABIA ALADAOUIA RES KAYS AGDAL RABAT
OBK TECHNOLOGIE AUDITEC,"Importation, Distribution, Maintenance,DM sterilesDM non steriles",60 AVENUE HASSAN SOUKTANI GAUTHIER MAARIF CASABLANCA
OLE IMPORT EXPORT,"Importation, Distribution,DM sterilesDM non steriles",4 RUE AHMED AMINE APPARTEMENT N 1 RESIDENCE V.N FES 30000
OMA MEDIC PLUS,"Importation, Distribution,DM sterilesDM non steriles",N 41/42 DAR E BIR WA AL IHSSANE 3 EME TRANCHE AMERCHICH MARRAKECH
OMEDIS SARL,"Importation,",12 RUE KSIBA MAGASIN N?1 RABAT
OMEGA ORTHODONTICS,"Importation, Distribution,DM non steriles",451 BOULEVARD B 1ER ETAGE HAY EL MASJID CASABLANCA
OMEGA PHARM SARL AU,"Importation, Exportation, Distribution,DM sterilesDM non steriles",LOTISSEMENT 171 UNITE 4 DAOUDIAT MARRAKECH
ONCO MED SA,"Fabrication Importation, Exportation, Distribution, Maintenance,DM sterilesDM non steriles",12 ANGLE AVENUE FAL OUELD OUMEIR ET PLACE ABOU BAKR APT 6 AGDAL RABAT
OPERATION MEDICAL SARL,"Distribution,DM sterilesDM non steriles",349 SOCOMA 1 NR 349 MARRAKECH
OPHTA VISION SARL,"Importation,",197BOULEVARD LA RESISTANCE 6EME ETAGE CASABLANCA
OPHTALDIS,"Importation, Exportation, Distribution, Maintenance,DM sterilesDM non steriles",10 RUE LALANDE QUARTIER DES HOPITAUX MERS SULTAN CASABLANCA
OPHTALIA,"Importation, Distribution,",19 RUE LAHCEN AL ARJOUNE RESIDENCE HAMZA CASABLANCA
OPHTALMED,"Importation, Distribution,DM sterilesDM non steriles",96 BOULEVARD ANFA 2 EME ETAGE APPARTEMENT N 25 CASABLANCA
OPHTALMI SARL,"Importation, Distribution, Maintenance,DM sterilesDM non steriles",14 RUE AT-TAYEB LABSSIR N2 AGDAL RABAT
OPHTALMO SERVICE,"Importation, Distribution,DM sterilesDM non steriles",RUE AL MADINA IMMEUBLE N9 APPARTEMENT N4 1ETAGE HASSAN-RABAT
OPTIBEN S.A,"Importation, Distribution,DM sterilesDM steriles",13RUE MED LAAROUSSI N13 RESIDENCE SELMA 1 ER ETAGE CASABLANCA
OPTIC MEGA LENS,"Importation, Distribution,DM steriles",64 BOULEVARD LA GIRONDE CASABLANCA
OPTIFAK SARL,"Importation, Distribution,DM steriles",6 RUE THANN APPARTEMENT B9 B10 BENJDIA CASABLANCA
OPTIGROUP SARL,"Importation, Distribution,DM steriles",2 RUE NATIONALE CASABLANCA
OPTI-TRONICS SARL,"Importation, Distribution,DM steriles",50 IMMEUBLE CHABAB APPARTEMENT 5 AVENUE DES FAR DOHA MOHAMADIA VALTRONIC MAROC
OPTO MED SARL AU,"Importation, Distribution,DM steriles",10 RUE LIBERTE 3 EME ETAGE APPARTEMENT N 6 2000 SIDI BALYOUT CASABLANCA
ORIENTALAB SARL,"Importation, Distribution,DM sterilesDM non steriles",15 RUE ERRAZI OUJDA
ORLIMEDIS SARL,"Fabrication Importation, Exportation, Distribution, Maintenance,DM sterilesDM non steriles",44 RUE DES HOPITAUX QUARTIER DES HOPITAUX -CASABLANCA
ORMODENT MAROC,"Importation,DM non steriles",43.AVENUE ASSANAOUBAR SECTEUR 21 HAY RIAD RABAT
ORTHO MAG SARL,"Importation,DM steriles",33 EVENUE IBN SINA APPARTEMENT 13 AGDAL RABAT
ORTHO MARK SARL,"Fabrication Importation, Distribution,DM non steriles",3 RUE 40 HAY LAALIA CHARAF -TANGER
ORTHO PRO MAGHREB SARL,"Importation,",16 RUE MOFFOK EDDINE ESC N1 APPARTEMENT N 1 BP 20360 CASABLANCAQUARTIER DES H?PITAUX
ORTHO RAMA,"Exportation, Distribution,DM steriles",101 RUE ABOU ALAOUI ZAHR O.H 20360 CASABLANCA
ORTHO SYSMED SARL,"Importation, Exportation, Distribution,DM non steriles",3RUE ABOU BAKR MOHAMED IBN ZOUHAIR CITE DES HOPTAUX CASABLANCA
ORTHO ZENITH SARL AU,"Importation, Exportation, Distribution,DM non steriles",59 AVENUE IBN SINA APPARTEMENT N 4 AGDAL RABAT
ORTHOCOR MEDICAL SARL,"Importation,",45 RUE SEBTA QUARTIER LES HOPITAUX CASABLANCA
ORTHOLAND SARL,"Importation, Exportation, Distribution, Maintenance,DM sterilesDM non steriles",6 RUE AIN ASSERDOUNE ANGLE AVENUE OQBA APPARTEMENT 9 3EME ETAGE AGDAL RABAT
ORTHOPARTNER MAROC,"Importation, Distribution,DM non steriles",24 RECIDENCE EL BATOUL APPARTEMENT 11 RUE ABBAS LAMSAADI FES
ORTHOPEDIA SARL,"Importation, Distribution,DM non steriles",6 RUE DES BECKMANS QUARTIER DES HOPITAUX CASABLANCA
ORTHOPEDIE CASABLANCA,"Fabrication Importation, Exportation, Distribution, Maintenance,DM non steriles",5 RUE 6 ANGLE RUE PAPHAEL MAPHAEL MARISCAL HAY ARSALANE CASABLANCA
ORTHOPEDIE MEDICAL TECHNIQUE,"Fabrication Distribution,DM non steriles",ANGLE TUNIS ET RUE TAZA HASSAN N 2 RABAT
ORTHOPLUS,"Importation, Exportation, Distribution,DM sterilesDM non steriles",RUE COLONEL GROS MAGASIEN N1 QUARTIER DES HOPITAUX CASABLANCA
ORTHOPROTECH,"Fabrication Importation, Distribution,DM non steriles",3 RUE HIMS APPARTEMENT N 2 RABAT
ORTHO-SANTE MAROC,"Importation, Distribution,",51.RUE MALOUIYA APPARTEMENT 7 AGDAL RABAT
ORTHOSUD MEDICAL SARL,"Importation, Exportation, Distribution,DM sterilesDM non steriles",10 RUE FATIMA AL FIHRIA APPARTEMENT N 4 2 EMEM ETAGE GUELIZ MARRAKECH
OSTEOMED SARL,"Importation, Distribution,DM sterilesDM non steriles",83 BOULEVARD SIDI YAHYA 60000 OUJDA
OTM PARAMED SARL,"Distribution, Maintenance,DM sterilesDM non steriles",506 LOTISSEMENT ARSAT SALA ROUTE DE MEHDIA MAGASIEN 02 SALE
OTTO BOCK MAROC,"Fabrication Importation, Distribution, Maintenance,DM non steriles",186 ROUTE DES OULED ZIANE -EL FIDA-20000 CASABLANCA
OUCHENE SARL,"Importation,DM non steriles",12 RUE SABRI BOUJEMAA 1ER ETAGE APPARTEMENT 6 CASABLANCA
OUIAM PARA,"Importation, Distribution,DM sterilesDM non steriles",53 PLACE CASBAH OUJDA
OUSSAMA PARA,"Importation, Exportation, Distribution,DM sterilesDM non steriles",AVENUE AL MADARISSE N 135 SYBA MARRAKECH
OXAIR,"Fabrication Importation, Distribution,DM non steriles",ANGLE AVENUE HASSAN II ET ROUTE DE LA PLAGE SKHIRAT
OXYMEDIC,"Importation, Distribution, Maintenance,DM steriles",1 RUE PRSPER MERIMEE RESIDENCE POETE VAL FLEURI CASABLANCA
OXYPLUS SARL,"Importation, Distribution, Maintenance,DM sterilesDM non steriles",20 RUE AL GHADFA RESIDENCE WAFA MAARIF 20100 CASABLANCA
OXYSURG SARL,"Importation, Distribution,DM steriles",25 BOULEVARD READ APPARTEMENT 10 HAY AL FAJR MOHAMMADIA
PALOMA MEDICAL,"Importation, Distribution, Maintenance,DM sterilesDM non steriles",RUE ASAYDIA KISARIYA ANASSR N 25 TETOINE
PANOHYCO SARL,"Importation, Distribution,DM sterilesDM non steriles",8 AVENUE ALLAL BEN ABDELLAH OUJDA
PARA - INNOVATOIN SARL,"Importation, Exportation, Distribution,DM sterilesDM non steriles",IMM ESSAADA(DOHA) N 20 PORTE 29 HAY MOHAMMADI AGADIR
PARA AIN ASSERDOUNE SARL AU,"Distribution,DM steriles",QRT JABALIA RUE 2 N 11 BENI MELLAL
PARA AL MOSTACHFA,"Distribution,DM sterilesDM non steriles",935 AVENUE SALAH EDDINE EL AYOUBI DRAA 2 ZAGORA
PARA ANWAR,"Importation, Exportation, Distribution,DM sterilesDM non steriles",HAY MAAMOURA BLOC A N1 KENITRA
PARA BORJ FES,"Distribution,DM non steriles",MAGASIEN S 25 SOUS SOL CENTRE COMMERCIAL BORJ FES AVENUE ALLAL FASSI FES
PARA CEDRE,"Distribution,DM sterilesDM steriles",524 LOTISSEMENT AIN AGHBAL AHADAF AZROU
PARA DES FLEURS SARL,"Importation, Distribution,DM sterilesDM non steriles",239 BIS BOULEVARD OULAD TANSSIFT OULFA HAY HASSANI CASABLANCA
PARA FIRDAWS,"Fabrication Importation, Exportation, Distribution,DM sterilesDM steriles",13 RUE HIFA KHARBAT AICHA CHEMAIA
PARA HABIB MED,"Importation, Exportation, Distribution,DM sterilesDM non steriles",RUE KEIFA IMMEUBLE A13 RESIDENCE ABDELOUAHED MEKNES
PARA HAIDANE,"Distribution,DM non steriles",N 251 NOUVELLES CONSTRUCTIONS DE SECHAGE KHOURIBGA
PARA HAMID,"Distribution,",50 RUE AL WAHDA -OUJDA
PARA HANANE,"Distribution,",AVENUE IBNO SINA CHEFCHAOUEN
PARA HAY HASSANI,"Importation, Exportation, Distribution,DM sterilesDM non steriles",167 HAY EL BAHJA MARRAKECH
PARA IMMOBILIERE,"Importation,DM steriles",50 RUE DES ABATTOIRES R?SIDENCE MONAMOLIO A ENTRE SOL N13 TANGER
PARA ISMAILIA,"Distribution,DM sterilesDM non steriles",55 COMPLEXE DES HABOUS BOUAMAIR MEKNES
PARA LA GLOIRE SARL,"Exportation, Distribution, Maintenance,DM sterilesDM non steriles",N 98 LITISSEMENT N 344 LOTISSEMENT AL WAFAE ROUTE DE SEFROU FES
PARA MEDICAL ABDALLAH,"Distribution,DM sterilesDM non steriles",HAY IGOU DAR AIT OURIR
PARA MEDICAL MAAMORA SARL,"Distribution,DM sterilesDM non steriles",AVENUE HASSAN 2 ET RUE MOHAMED AMRAOUI N8 ANGLE KENITRA
PARA MEDICAUX ARTICLES PAMA,"Importation, Distribution,DM sterilesDM non steriles",RUE 21 N?38 HAY MOULAY ABDELLAH CASABLANCA
PARA MELISSE SARL,"Importation, Exportation, Distribution,DM sterilesDM non steriles",RESIDENCE KOUTOUBIA 2B MAGASIN N 4B AVENUE MOHAMMAD 6 MARRAKECH
PARA NEZ SARL,"Importation, Exportation, Distribution,DM sterilesDM non steriles",272/3 272/4 ROUTE DE TANGER BOULEVARD SALAH EDDINE AL AYOUBI SIDI KACEM
PARA PHARMA SANTE,"Distribution,DM non steriles",N 90 BIS LOTISSEMENT AL MOUSTAKBAL AVENUE MOUKAWAMA AIT MELLOUL
PARA PHARMACEUTIQUE ZAKIA SARL AU,"Importation, Distribution,DM sterilesDM non steriles",N 16 RUE IBN TOFAIL VN MEKNES
PARA PHARMACEUTIQUES MATERIEL MEDICAL HILALI,"Distribution,DM sterilesDM steriles",4 RUE ELMOUTANABI RIAD MEKNES
PARA PHARMACIE ALWAHA,"Distribution,DM sterilesDM non steriles",N 1351 LOTISSEMENT ZERKTOUNI MHAMID MARRAKECH
PARA PHARMACIE FATOUTA TWO,"Importation, Exportation, Distribution,DM sterilesDM non steriles",NAHDA ASKJOUR N 401 MARRAKECH
PARA PHARMACIE NOEMI,"Distribution,",N 42 BIS BOULEVARD ABDELLAH IBRAHIM DCHIRA AGADIR
PARA POPULAIRE,"Distribution,DM sterilesDM non steriles",MAGASINE 77 ISSIL MARRAKECH
PARA POUR TOUS,"Distribution,",93 BLOC JAMILAKHORIBGA
PARA TAHAR SARL AU,"Distribution,DM sterilesDM non steriles",RUE KIFA IMMEUBLE WAFAE N 2 MAGASIEN N 27 MEKNES
PARA YACOUB MANSOUR SARL,"Distribution,DM sterilesDM non steriles",47 BOULEVARD YACOUB MANSOUR MAGASIEN N 1 MEKNES
PARA ZAHHAR SARL,"Importation, Distribution,DM non steriles",MAGASIN N 1 LOTISSEMENT 2989 TILILA TIKIOUINE AGADIR
PARA ZOUBIR SARL AU,Fabrication,N 5 RUE TAYWAN HAY OUAFAE RTE DE SEFROU DE FES
PARA. MA.BEAUTE SARL AU,"Distribution,DM sterilesDM non steriles",RUE EL JEZARINE N47 FKHIR BEN SALAH
PARACHABELLE,"Importation, Exportation, Distribution,DM sterilesDM non steriles",N 98 LOTISSEMENT OUARDA SIFIA MARRAKECH
PARADIF SARL,"Importation, Distribution,DM non steriles",16 AVENUE MOHAMED 5 APPARTEMENT 1 SALE
PARAMEDIC MASROUR,"Distribution,DM sterilesDM non steriles",N 133 QUARTIER MASSROUR 1 AVENUE EL KAHIRA TEMARA.MAROC
PARAMEDICAL EL HASSANI SARL,"Importation, Distribution,DM sterilesDM non steriles",RUE 40N 137 OUILFA 2 EL OULFA CASABLANCA
PARAMEDICAL ESSALAMA,"Importation, Distribution,DM sterilesDM non steriles",16 MAGASIEN RUE ALLAL BEN MOHAMED QUARTIER DES HOPITAUX GUELIZ MARRAKECH
PARAMEK,"Distribution,DM sterilesDM non steriles",AVENUE 6 NOVEMBRE N 27 LOTISSEMENT AL AMALTABRIQUET SALE
PARAPHARMACIE 555 SARL,"Distribution,DM sterilesDM non steriles",LOTISSEMENT ERRAHA N 5 IMMEUBLE N 2 MHAMID MARRAKECH
PARAPHARMACIE ENNAKHIL,"Importation, Exportation, Distribution,DM sterilesDM non steriles",1028 HAY NAHD MHAMID MARRAKECH
PARAPHARMACIE IMINTANOUT,"Distribution,DM sterilesDM non steriles",183. AVENUE MOHAMMED 5 IMINTANOUT
PARAPHARMACIE WALID SARL,"Importation, Exportation, Distribution,DM sterilesDM non steriles",C.M MOTISSEMENT CHIFA N 151 MARRAKECH
PARAPHARMAZEN,"Importation, Exportation, Distribution,DM sterilesDM non steriles",ANGLE AVENUE YACOUB EL MARINI RUE MOUATAMID IBN RESIDENCE FLORE 4 HIVERNAGE MARRAKECH
PARAPRO SARL,"Importation, Distribution,DM sterilesDM non steriles",56 BOULEVARD MOULAY YOUSSEF N?19 CASABLANCA
PARASMA SARL,"Distribution,DM sterilesDM steriles",28 RUE EL MAARI MAGASIEN N 1 VN MEKNES
PARASOIN SARL AU,"Distribution,DM sterilesDM steriles",EL BADIAA 1 MAGASINE N 15 AMMERCHICHE MARRAKECH
PATTERSON MAROC SARL,"Importation, Distribution, Maintenance,DM sterilesDM non steriles",ANGLE 5 RUE DUBREUIL ET RUE DES HOSPITAUX CASABLANCA
PAUL HARTMANN,"Importation, Distribution,DM sterilesDM non steriles",7 RUE IBN EL JAOUZI QUARTIER DES HOPITAUX CASABLANCA
PELISSARD SARL,"Fabrication Importation, Distribution,DM non steriles",N 16 RUE DE CHARLEVILLE 20300 CASABLANCA
PERFECT MEDICAL SARL,"Importation, Distribution,DM sterilesDM non steriles",C/O N 23 4 EME ETAGE IMMEUBLE 104 HAY MOHAMMADY AGADIR
PESTILAB SARL AU,"Distribution,DM non steriles",52 BIS OURJOUANE MARJAN 2 BOUSIJEUR CASABLANCA
PETROLABS SARL,"Importation, Distribution, Maintenance,DM non steriles",120 BOULEVARD DE LA GRANDE CEITURE IMMEUBLE A 3 EME ETAGE N 13 AIN SEBAA CASABLANCA
PHARCOMEDIC,"Fabrication Importation, Exportation, Distribution, Maintenance,DM sterilesDM non steriles",102 BOULEVARD MOLAY DRISS 1ER RESIDENCE NAIM QUARTIER LES HOPITAUX 20360 CASABLANCA
PHARM NATURE SARL,"Importation,DM steriles",56 RUE FARAHAT HACHAD 1ER ETAGE BUREAU N6 SIDI BALYOUT CASABLANCA
PHARMA 5,"Importation, Distribution,DM sterilesDM non steriles",21 RUE DES ASPHODELES CASABLANCA 20100
PHARMA CONNECT,"Importation, Distribution,DM steriles",213 LOTISSEMENT AL MASSAR MARRAKECH
PHARMA FIRST SARL,"Importation, Distribution,",57 AVENUE HASSAN SOUKTANI CASABLANCA
PHARMA GUEST SARL AU,"Fabrication Importation, Exportation, Distribution, Maintenance,DM sterilesDM non steriles",LOTISSEMENT ADRAR 2 N 80ASKEJOUR MARRAKECH
PHARMA PLUS,"Importation, Distribution,DM non steriles",12 RUE IMAM AOUZAI MAARIF CASABLANCA
PHARMA SUD,"Distribution,DM sterilesDM steriles",MHAMID 2 B33 N 1633 MARRAKECH
PHARMACENTRE,"Distribution,DM non steriles",N 13 RUE MOUKHTAR SOUSSI AVENUE MED V VN FES MAROC
PHARMACEUTICAL INSTITUTE,"Importation, Distribution,DM sterilesDM non steriles",RESIDENCE 203 ROUTE AKREUCH OUM AZZA 12100 AIN AOUDAE
PHARMAXEL SARL,"Importation, Distribution,DM sterilesDM non steriles",14000 BUREAU 4 IMMEUBLE 34 RESIDENCE SABIR RUE MUSTAPHA RAFII KENITRA MAROC
PHARMIS,"Fabrication Importation, Exportation, Distribution, Maintenance,DM sterilesDM non steriles",ZONE INDUSTRIELLE OUEST AIN HARROUDA ROUTE REGIONALE N 322 KM 12.400 AIN HARROUDA 28630
PHYSIOCONTROL SARL,"Importation, Exportation, Distribution, Maintenance,DM sterilesDM non steriles",130 BOULEVARD AMBASSADEUR BEN AICHA 1 ER ATAGE N 2 ROCHES NOIRES CASABLANCA
PHYSIOFORM SARL,"Importation, Distribution,DM non steriles",174 RUE IBNOUMOUNIR RDC MAARIF CASABLANCA
PHYSIOPLUS MAROC,"Importation, Distribution,DM non steriles",171 HAJ OMAR RIFFI CASABLANCA
PLANETE INNOVATION SARL,"Importation, Exportation, Distribution, Maintenance,DM sterilesDM non steriles",183 RCH ERRAOUNAK ESSAOUIRA
PLANETE PARA SARL,"Importation, Distribution,DM sterilesDM non steriles",38.IMMEUBLE ASSALAM.AVENUE OMAR IBN KHATTAB MASSIRA1 TEMARA
PLURIMED SARL,"Importation, Distribution,",2 RUE 35 HAY MOULAY ABDELLAH CASABLANCA
POINT MEDICAL,"Distribution,",48 RUE JALAL TEZKKA APPARTEMENT 1 AGDAL RABAT
POLARIS INDUSTRIE,"Fabrication Importation, Distribution,DM steriles",CENTRE D`AFFAIRE SECTEUR 11 RUE ARROZ N 23 HAY RIAD RABAT
POLYMED SARL,"Fabrication Importation,DM non steriles",197 BOULEVARD LA RESISTANCE ETAGE 6 CASABLANCA
POLYMEDIC,"Importation,DM sterilesDM non steriles",RUE AMYOT D`INVILLE RUE ARSALANE.CASABLANCA
POPHANE,"Importation, Distribution,",6 RUE OTTMANE BNOU AFFANE RESIDENCE NARJIS MEKNES
POTENTIEL,"Importation, Distribution,DM sterilesDM non steriles",7 RESIDENCE RAMI RUE SABTA 2 EME ETAGE BUREAU N 8 MAARIF CASABLANCA 20000
PREMIUM XP SARL AU,"Importation, Exportation, Distribution,DM sterilesDM non steriles",217.BOULEVARD BRAHIM ROUDANI RESIDENCE FATH ETAGE 1 N3 20063 CASABLANCA
PRESSOMED SARL AU,"Importation, Exportation, Distribution,DM sterilesDM steriles",LE NOYER D 2 EME ETAGE N 21 RUE IBN SINA NOURI ATLASI QUARTIER SEMLALIA GUELIZ MARRAKECH
PRIMO MED,"Importation, Exportation, Distribution,DM sterilesDM non steriles",MAGASIEN 93 RIAD EL OULFA CASABLANCA
PRO PARA PHAR,"Distribution,DM sterilesDM steriles",HAY EL HANA 1 N 340 EL KELAA DES SRACHNA
PROCOP,"Importation,",31 RUE IBN TOUMERT
PROD PHARMA,"Distribution,DM sterilesDM steriles",141.LOTISSEMENT AMINE SIDI MAAROUF HAY HASSANI CASABLANCA
PRODIMED SARL,"Importation, Distribution,DM sterilesDM non steriles",LOT 16 LOTISSEMENT AL HAMRA 2 HAY CHRIFA AIN CHOCK CASABLANCA
PRODUITS ORTHOPEDIQUES RHUMATOLOGIQUES CHIRURGICALES HAIDANE SARL,"Fabrication Exportation, Distribution,DM non steriles",251 NOUVELLES CONSTRUCTIONS KHORIBGA
PROFAB,FabricationDM non steriles,ZONE INDUSTRIELLE EL OULALDA EL MASSIRA TEMARA
PROGEN SARL,"Importation,DM sterilesDM steriles",RUE IBN KATIR IMMEUBLE C N11 MAARIF CASABLANCA
PROGIENE SARL,"Importation, Distribution,DM non steriles",284 AVENUE HASSAN 2 RABAT
PROMALAB,"Exportation, Distribution, Maintenance,DM sterilesDM non steriles",RES ALMAOULID RUE IBN KATIRI BD GHANDI BATIMENT D CASABLANCA
PROMAMEC SARL,"Fabrication Importation, Exportation, Distribution, Maintenance,DM sterilesDM non steriles",ZONE INDUSTRIELLE COMMUNE URBAINE LISSASFA 2 CHEMIN TERTIAIRE 1077 CASABLANCA
PROMEDIC SARL,"Importation, Exportation, Distribution,DM sterilesDM non steriles",MAGASIEN G8 RESIDENCE LES PERLES DE CASABLANCA ANGLE BOULEVARD YACOUB EL MANSOUR ET BOULEVARD GHANDI ATTENANT A LA RESIDENCE AL BAYDA QUARTIER LES PRINCESSES CASABLANCA
PROMEDICAL SARL AU,"Importation, Distribution,DM sterilesDM non steriles",19 AVENUE DES FAR MAGASIEN 2 RESIDENCE EL FAHIM III 14000 KENITRA
PROMEDIS,"Importation, Distribution,DM sterilesDM non steriles",65.RUE DES ECOLES QUARTIER BURGER CASABLANCA
PROMEDIX SARL,"Importation, Distribution, Maintenance,DM sterilesDM non steriles",7 RUE LA PLACE QUARTIER DES HOPITAUX CASABLANCA
PROMEDSTORE,"Importation, Exportation, Distribution, Maintenance,DM sterilesDM non steriles",203 BOULEVARD ANOUAL CEPITAL CENTER ANOUAL ENTREE B 1 ER ?TAGE CASABLANCA
PROMODINE SARL,"Distribution,DM sterilesDM steriles",SAID HAJJI N 1436 ROUTE DE KENITRA SALE
PROMOPHARM S.A,"Importation, Distribution,DM sterilesDM non steriles",ZONE INDUSTRIELLE DU SAHEL RUE N 7 BP 96/97-26 400 HAD SOUALEM
PROMOPLUS PHARMA SARL,"Importation, Exportation, Distribution,DM sterilesDM non steriles",BP 401 HAY RAJA 2 N 100 3EME ETAGE HAD SOUALEM
PROMOSER,"Importation, Distribution,DM non steriles",N 23 RESIDENCE CASABLANCA I282 BOULEVARD LA RESISTANCE CASABLANCA
PROMOVITAR SARL,"Importation, Exportation, Distribution, Maintenance,DM sterilesDM non steriles",30 RUE NISRINE RIAD SALAM AGADIR
PROMU SARL,"Importation, Exportation, Distribution, Maintenance,DM sterilesDM non steriles",14-16 RUE LAVOISIER QUARTIER DES HOPITAUX CASABLANCA
PROPHARMA,"Importation, Distribution,DM sterilesDM non steriles",32.AVENUE HADJ LAHBIB LES AMICALES -AGADIR
PROTEOR MAROC SARL,"Fabrication Importation, Distribution, Maintenance,DM non steriles",12 RUE ABDELMAJID BEN JELLOUN MAARIF 20370 CASABLANCA
PROVIMED SARL,"Importation, Distribution,DM sterilesDM non steriles",1075 BOULEVARD MED VI RESIDENCE FATHZHAR MAGASIEN N 82 CASABLANCA
PYRAMIDE GIFT PREMIUMS,"Importation,DM sterilesDM steriles",RUE 13 N 69 LOTISSEMENT SSAMARA OULFA CASABLANCA
RADIOLOMED,"Importation, Distribution,DM non steriles",RESIDENCE DU PALAS BOULEVARD GHANDI IMMOUBLE D 4EME ET N 19 28RUE MUSTAPHA EL MANFALOUTI QUARTIER GAUTHIER CASABLANCA
RAFFIN MEDICAL AFRIQUE SARL AU,"Fabrication Importation, Exportation, Distribution,DM sterilesDM non steriles",LOTISSEMENT 29 ZONE INDUSTRIELLE HAD SOUALEM
RAJAMED,"Importation, Distribution,DM sterilesDM non steriles",26 AVENUE MERS SULTAN APPARTEMENT 3 ETAGE 1 SIDI BELYOUT CASABLANCA
REACTING SARL,"Importation, Distribution, Maintenance,DM sterilesDM non steriles",33 AVENUE ATLAS HAY ESSALAM CASABLANCA
RENAISSANCE MEDICALE,"Exportation, Distribution, Maintenance,DM sterilesDM non steriles",PROPRIETE ZAITOUNE BM-C 24/11 NAHDA1 RABAT
REV DENTAL SARL AU,"Distribution,",PROJET SHEM`S AL MADINA GHA 76 IMMEUBLE 4 N 23 BENSLIMANE
RIFMED,"Importation, Distribution,DM sterilesDM non steriles",148 BOULEVARD ALSACE MERS SULTAN CASABLANCA
RIM DIAGNOSTICS,"Importation, Distribution,",17 PLACE PASTEUR (EX CHARLES NICOLLE) RESIDENCE PASTEUR BUILD APPARTEMENT 3 ET 20360 MAARIF CASABLANCA
RIMADENT,"Distribution,DM sterilesDM non steriles",19 RUE KANDAR QUARTIER ATLAS V.N FES
RIMAPHARMA SARL,"Importation, Distribution,DM steriles",165 BOULEVARD ABDELMOUMEN QUARTIER DES HOPITAUX CASABLANCA
RISSO MEDIC,"Distribution,DM sterilesDM non steriles",MAGAZIN SIS A N 307 RUE ARACIF MHAMID 3 MARRAKECH
ROMA MEDICAL SNC,"Distribution,DM sterilesDM non steriles",15 KISSARIAT AVENUE EL MASSIRA ESSAOUIRA
ROSA PARA SARL AU,"Importation, Distribution,DM sterilesDM non steriles",MAGASIN N?1 LOTISSEMENT ALKHALIL I N 196 MHAMMID MARRAKECH
ROSE MEDICALE SARL,"Importation, Distribution,DM sterilesDM non steriles",MAGASIN N 6 IMMEUBLE 5 LOTISSEMENT ALFADILIA TRANCHE 2 MEKNES
RYMEDS,"Importation, Distribution,DM sterilesDM non steriles",LOTISSEMENT ENNOUR C 221 IMMEUBLE 155 APPARTEMENT 7 TEMARA
S.K HEALTH SARL AU,"Importation, Distribution,DM non steriles",5 RUE DES FAUVETTES BOULEVARD ABDERRAHIM BOUABID OASIS CASABLANCA
S2P MEDIC,"Distribution,DM non steriles",40 RUE CHAOUIA ESPACE N2 CASABLANCA
SAFETY AND HEALTHY LAB (SAHLAB),"Importation, Distribution,DM sterilesDM non steriles",83 AVEVUE PATRICE LUMUMBA APPRTEMENT N1 HASSAN 10010 RABAT
SAHARA AUTOMATE,"Importation, Distribution,",AVENUE HASSAN 2 R?SIDENCE OUM KALTOUM IMMEUBLE N A AGDAL RABAT
SAHMED,"Importation, Distribution, Maintenance,DM sterilesDM non steriles",2 RUE DES ACAIAS ANGLE BOULEVARD YACOUB EL MANSOUR MAARIF CASABLANCA MAROC
SAIDA MED,"Distribution,DM steriles",78.BOULEVARD EL JOULANE HAY AL MANSOUR SIDI OTHMANE CASABLANCA
SALAMA MEDICALE,"Importation, Exportation, Distribution,DM sterilesDM non steriles",MHAMID C N 137 MARRAKECH
SAMEDIC SARL,"Importation, Exportation, Distribution, Maintenance,DM sterilesDM non steriles",59 BOULEVARD ZERKTOUNI 3 EME ETAGE N 8 ANFA CASABLANCA
SANTELIA SARL,"Importation, Distribution,DM sterilesDM steriles",3 RUE ADI EL HARAKI HARAKI EX CALAVON BOULEVARD ABDELMOUMEN MAARIF CASABLANCA
SBKD 2000 SARL,"Distribution,DM steriles",MASSIRA V IMMEUBLE 2 MAGASIEN 5 CYM RABAT
SCIENTIFIC SUPPLIES SARL AU,"Importation, Exportation, Distribution,DM steriles",298 AVENUE DES FORCES AUXILIAIRES ETAGE 3 APPARTEMENT N 6
SCRIM SA,"Fabrication Importation, Exportation, Distribution, Maintenance,DM sterilesDM non steriles",22 ZANKAT AL MARINIYNE RABAT
SD BIOMEDICAL SARL,"Importation, Distribution,DM sterilesDM non steriles","HASSANIA 2 BC""B"" N 258 MOHAMMADIA"
SEDIPHARM,"Fabrication Importation, Exportation, Distribution,DM sterilesDM non steriles",ZONE INDUSTRIELLE GZENAYA ROUTE DERABAT LOTISSEMENT 180 TANGER
SEDRATI OMAR ET FILS (SOFD ),"Importation,",16.RUE DAR EL BEIDA QUARTIER HASSAN RABAT
SEMBACO SARL,"Importation,DM sterilesDM non steriles",LOTISSEMENT N 8 ZONE INDUSTRIEL SETTAT MAROC
SERVICE D`OBTURATION ET ESTHETIQUE DENTAIRE,"Exportation, Distribution, Maintenance,DM sterilesDM non steriles",137.BOULEVARD MEHDI BEN BERKA -BOURGOUNE CASABLANCA
"SERVICE EQUIPMENT Maintenance, SARL","Importation, Distribution, Maintenance,DM sterilesDM steriles",26.CITEE RIAD AL ANDALOUSS AMBRA3APPARTEMENT 3 RIAD-AGDAL RABAT
SERVICES BIOLOGIQUES SARL,"Importation, Distribution,DM sterilesDM non steriles",24. BIS AVENUE ABDERAHIME SEKKAT HAY BADR FES AGDAL 30040
SERVICES SCIENCE SANTE,"Importation, Exportation, Distribution, Maintenance,DM non steriles",LOTISSEMENT ZINE ESSALAM LOTISSEMENT N 64 RESIDENCE TIT MELLIL CASABLANCA
SIEMENNS HEALTHCARE SARL,"Importation, Exportation, Distribution, Maintenance,",ANFA PLACE CENTRE D`AFFAIRES CASABLANCA
STERIFIL,"Fabrication Importation, Exportation, Distribution,DM sterilesDM non steriles","LOTISSEMENT LINA, SIDI MAAROU, CASABLANCA-DOUAR LKHDARA,ROUTE PROVINCIAL N3005 KM 6,5, COMMUNE SAHEL,HAD SOUALEM,BERRECHID"
